yyyyWW,Rank,Title,Artist,Album,Genre
201922,4,Speechless (Full),Naomi Scott,Aladdin (Original Motion Picture Soundtrack)/영화 알라딘 OST,"POP, 국외영화"
201922,6,A Whole New World,Mena Massoud,Aladdin (Original Motion Picture Soundtrack)/영화 알라딘 OST,"POP, 국외영화"
201922,20,Arabian Nights (2019),Will Smith,Aladdin (Original Motion Picture Soundtrack)/영화 알라딘 OST,"POP, 국외영화"
201922,29,Prince Ali,Will Smith,Aladdin (Original Motion Picture Soundtrack)/영화 알라딘 OST,"POP, 국외영화"
201922,38,Friend Like Me,Will Smith,Aladdin (Original Motion Picture Soundtrack)/영화 알라딘 OST,"POP, 국외영화"
201922,71,Friend Like Me (End Title) (Feat. DJ Khaled),Will Smith,Aladdin (Original Motion Picture Soundtrack)/영화 알라딘 OST,"랩/힙합, 국외영화"
201922,80,Speechless (Part 2),Naomi Scott,Aladdin (Original Motion Picture Soundtrack)/영화 알라딘 OST,"POP, 국외영화"
201922,83,One Jump Ahead,Mena Massoud,Aladdin (Original Motion Picture Soundtrack)/영화 알라딘 OST,"POP, 국외영화"
201922,96,A Whole New World (End Title),ZAYN,Aladdin (Original Motion Picture Soundtrack)/영화 알라딘 OST,"POP, 국외영화"
201923,2,Speechless (Full),Naomi Scott,Aladdin (Original Motion Picture Soundtrack)/영화 알라딘 OST,"POP, 국외영화"
201923,4,A Whole New World,Mena Massoud,Aladdin (Original Motion Picture Soundtrack)/영화 알라딘 OST,"POP, 국외영화"
201923,8,Arabian Nights (2019),Will Smith,Aladdin (Original Motion Picture Soundtrack)/영화 알라딘 OST,"POP, 국외영화"
201923,12,Prince Ali,Will Smith,Aladdin (Original Motion Picture Soundtrack)/영화 알라딘 OST,"POP, 국외영화"
201923,16,Friend Like Me,Will Smith,Aladdin (Original Motion Picture Soundtrack)/영화 알라딘 OST,"POP, 국외영화"
201923,35,One Jump Ahead,Mena Massoud,Aladdin (Original Motion Picture Soundtrack)/영화 알라딘 OST,"POP, 국외영화"
201923,39,Speechless (Part 2),Naomi Scott,Aladdin (Original Motion Picture Soundtrack)/영화 알라딘 OST,"POP, 국외영화"
201923,46,Friend Like Me (End Title) (Feat. DJ Khaled),Will Smith,Aladdin (Original Motion Picture Soundtrack)/영화 알라딘 OST,"랩/힙합, 국외영화"
201923,78,A Whole New World (End Title),ZAYN,Aladdin (Original Motion Picture Soundtrack)/영화 알라딘 OST,"POP, 국외영화"
201923,89,Speechless (Part 1),Naomi Scott,Aladdin (Original Motion Picture Soundtrack)/영화 알라딘 OST,"POP, 국외영화"
201924,1,Speechless (Full),Naomi Scott,Aladdin (Original Motion Picture Soundtrack)/영화 알라딘 OST,"POP, 국외영화"
201924,3,A Whole New World,Mena Massoud,Aladdin (Original Motion Picture Soundtrack)/영화 알라딘 OST,"POP, 국외영화"
201924,6,Arabian Nights (2019),Will Smith,Aladdin (Original Motion Picture Soundtrack)/영화 알라딘 OST,"POP, 국외영화"
201924,7,Prince Ali,Will Smith,Aladdin (Original Motion Picture Soundtrack)/영화 알라딘 OST,"POP, 국외영화"
201924,9,Friend Like Me,Will Smith,Aladdin (Original Motion Picture Soundtrack)/영화 알라딘 OST,"POP, 국외영화"
201924,22,One Jump Ahead,Mena Massoud,Aladdin (Original Motion Picture Soundtrack)/영화 알라딘 OST,"POP, 국외영화"
201924,23,Speechless (Part 2),Naomi Scott,Aladdin (Original Motion Picture Soundtrack)/영화 알라딘 OST,"POP, 국외영화"
201924,35,Friend Like Me (End Title) (Feat. DJ Khaled),Will Smith,Aladdin (Original Motion Picture Soundtrack)/영화 알라딘 OST,"랩/힙합, 국외영화"
201924,52,A Whole New World (End Title),ZAYN,Aladdin (Original Motion Picture Soundtrack)/영화 알라딘 OST,"POP, 국외영화"
201924,66,Speechless (Part 1),Naomi Scott,Aladdin (Original Motion Picture Soundtrack)/영화 알라딘 OST,"POP, 국외영화"
201925,1,Speechless (Full),Naomi Scott,Aladdin (Original Motion Picture Soundtrack)/영화 알라딘 OST,"POP, 국외영화"
201925,2,A Whole New World,Mena Massoud,Aladdin (Original Motion Picture Soundtrack)/영화 알라딘 OST,"POP, 국외영화"
201925,5,Arabian Nights (2019),Will Smith,Aladdin (Original Motion Picture Soundtrack)/영화 알라딘 OST,"POP, 국외영화"
201925,6,Prince Ali,Will Smith,Aladdin (Original Motion Picture Soundtrack)/영화 알라딘 OST,"POP, 국외영화"
201925,9,Friend Like Me,Will Smith,Aladdin (Original Motion Picture Soundtrack)/영화 알라딘 OST,"POP, 국외영화"
201925,19,Speechless (Part 2),Naomi Scott,Aladdin (Original Motion Picture Soundtrack)/영화 알라딘 OST,"POP, 국외영화"
201925,22,One Jump Ahead,Mena Massoud,Aladdin (Original Motion Picture Soundtrack)/영화 알라딘 OST,"POP, 국외영화"
201925,37,Friend Like Me (End Title) (Feat. DJ Khaled),Will Smith,Aladdin (Original Motion Picture Soundtrack)/영화 알라딘 OST,"랩/힙합, 국외영화"
201925,44,A Whole New World (End Title),ZAYN,Aladdin (Original Motion Picture Soundtrack)/영화 알라딘 OST,"POP, 국외영화"
201925,54,Speechless (Part 1),Naomi Scott,Aladdin (Original Motion Picture Soundtrack)/영화 알라딘 OST,"POP, 국외영화"
201925,100,One Jump Ahead (Reprise),Mena Massoud,Aladdin (Original Motion Picture Soundtrack)/영화 알라딘 OST,국외영화
201926,1,Speechless (Full),Naomi Scott,Aladdin (Original Motion Picture Soundtrack)/영화 알라딘 OST,"POP, 국외영화"
201926,2,A Whole New World,Mena Massoud,Aladdin (Original Motion Picture Soundtrack)/영화 알라딘 OST,"POP, 국외영화"
201926,4,Arabian Nights (2019),Will Smith,Aladdin (Original Motion Picture Soundtrack)/영화 알라딘 OST,"POP, 국외영화"
201926,5,Prince Ali,Will Smith,Aladdin (Original Motion Picture Soundtrack)/영화 알라딘 OST,"POP, 국외영화"
201926,10,Friend Like Me,Will Smith,Aladdin (Original Motion Picture Soundtrack)/영화 알라딘 OST,"POP, 국외영화"
201926,18,Speechless (Part 2),Naomi Scott,Aladdin (Original Motion Picture Soundtrack)/영화 알라딘 OST,"POP, 국외영화"
201926,19,One Jump Ahead,Mena Massoud,Aladdin (Original Motion Picture Soundtrack)/영화 알라딘 OST,"POP, 국외영화"
201926,36,Friend Like Me (End Title) (Feat. DJ Khaled),Will Smith,Aladdin (Original Motion Picture Soundtrack)/영화 알라딘 OST,"랩/힙합, 국외영화"
201926,40,A Whole New World (End Title),ZAYN,Aladdin (Original Motion Picture Soundtrack)/영화 알라딘 OST,"POP, 국외영화"
201926,47,Speechless (Part 1),Naomi Scott,Aladdin (Original Motion Picture Soundtrack)/영화 알라딘 OST,"POP, 국외영화"
201927,1,Speechless (Full),Naomi Scott,Aladdin (Original Motion Picture Soundtrack)/영화 알라딘 OST,"POP, 국외영화"
201927,2,A Whole New World,Mena Massoud,Aladdin (Original Motion Picture Soundtrack)/영화 알라딘 OST,"POP, 국외영화"
201927,4,Arabian Nights (2019),Will Smith,Aladdin (Original Motion Picture Soundtrack)/영화 알라딘 OST,"POP, 국외영화"
201927,5,Prince Ali,Will Smith,Aladdin (Original Motion Picture Soundtrack)/영화 알라딘 OST,"POP, 국외영화"
201927,11,Friend Like Me,Will Smith,Aladdin (Original Motion Picture Soundtrack)/영화 알라딘 OST,"POP, 국외영화"
201927,20,One Jump Ahead,Mena Massoud,Aladdin (Original Motion Picture Soundtrack)/영화 알라딘 OST,"POP, 국외영화"
201927,22,Speechless (Part 2),Naomi Scott,Aladdin (Original Motion Picture Soundtrack)/영화 알라딘 OST,"POP, 국외영화"
201927,39,Friend Like Me (End Title) (Feat. DJ Khaled),Will Smith,Aladdin (Original Motion Picture Soundtrack)/영화 알라딘 OST,"랩/힙합, 국외영화"
201927,46,A Whole New World (End Title),ZAYN,Aladdin (Original Motion Picture Soundtrack)/영화 알라딘 OST,"POP, 국외영화"
201927,56,Speechless (Part 1),Naomi Scott,Aladdin (Original Motion Picture Soundtrack)/영화 알라딘 OST,"POP, 국외영화"
201928,1,Speechless (Full),Naomi Scott,Aladdin (Original Motion Picture Soundtrack)/영화 알라딘 OST,"POP, 국외영화"
201928,2,A Whole New World,Mena Massoud,Aladdin (Original Motion Picture Soundtrack)/영화 알라딘 OST,"POP, 국외영화"
201928,4,Arabian Nights (2019),Will Smith,Aladdin (Original Motion Picture Soundtrack)/영화 알라딘 OST,"POP, 국외영화"
201928,5,Prince Ali,Will Smith,Aladdin (Original Motion Picture Soundtrack)/영화 알라딘 OST,"POP, 국외영화"
201928,10,Friend Like Me,Will Smith,Aladdin (Original Motion Picture Soundtrack)/영화 알라딘 OST,"POP, 국외영화"
201928,24,One Jump Ahead,Mena Massoud,Aladdin (Original Motion Picture Soundtrack)/영화 알라딘 OST,"POP, 국외영화"
201928,26,Speechless (Part 2),Naomi Scott,Aladdin (Original Motion Picture Soundtrack)/영화 알라딘 OST,"POP, 국외영화"
201928,47,Friend Like Me (End Title) (Feat. DJ Khaled),Will Smith,Aladdin (Original Motion Picture Soundtrack)/영화 알라딘 OST,"랩/힙합, 국외영화"
201928,66,A Whole New World (End Title),ZAYN,Aladdin (Original Motion Picture Soundtrack)/영화 알라딘 OST,"POP, 국외영화"
201928,73,Speechless (Part 1),Naomi Scott,Aladdin (Original Motion Picture Soundtrack)/영화 알라딘 OST,"POP, 국외영화"
201929,1,Speechless (Full),Naomi Scott,Aladdin (Original Motion Picture Soundtrack)/영화 알라딘 OST,"POP, 국외영화"
201929,2,A Whole New World,Mena Massoud,Aladdin (Original Motion Picture Soundtrack)/영화 알라딘 OST,"POP, 국외영화"
201929,5,Arabian Nights (2019),Will Smith,Aladdin (Original Motion Picture Soundtrack)/영화 알라딘 OST,"POP, 국외영화"
201929,6,Prince Ali,Will Smith,Aladdin (Original Motion Picture Soundtrack)/영화 알라딘 OST,"POP, 국외영화"
201929,14,Friend Like Me,Will Smith,Aladdin (Original Motion Picture Soundtrack)/영화 알라딘 OST,"POP, 국외영화"
201929,30,One Jump Ahead,Mena Massoud,Aladdin (Original Motion Picture Soundtrack)/영화 알라딘 OST,"POP, 국외영화"
201929,32,Speechless (Part 2),Naomi Scott,Aladdin (Original Motion Picture Soundtrack)/영화 알라딘 OST,"POP, 국외영화"
201929,66,Friend Like Me (End Title) (Feat. DJ Khaled),Will Smith,Aladdin (Original Motion Picture Soundtrack)/영화 알라딘 OST,"랩/힙합, 국외영화"
201929,77,A Whole New World (End Title),ZAYN,Aladdin (Original Motion Picture Soundtrack)/영화 알라딘 OST,"POP, 국외영화"
201929,88,Speechless (Part 1),Naomi Scott,Aladdin (Original Motion Picture Soundtrack)/영화 알라딘 OST,"POP, 국외영화"
201930,2,Speechless (Full),Naomi Scott,Aladdin (Original Motion Picture Soundtrack)/영화 알라딘 OST,"POP, 국외영화"
201930,5,A Whole New World,Mena Massoud,Aladdin (Original Motion Picture Soundtrack)/영화 알라딘 OST,"POP, 국외영화"
201930,8,Arabian Nights (2019),Will Smith,Aladdin (Original Motion Picture Soundtrack)/영화 알라딘 OST,"POP, 국외영화"
201930,9,Prince Ali,Will Smith,Aladdin (Original Motion Picture Soundtrack)/영화 알라딘 OST,"POP, 국외영화"
201930,18,Friend Like Me,Will Smith,Aladdin (Original Motion Picture Soundtrack)/영화 알라딘 OST,"POP, 국외영화"
201930,35,One Jump Ahead,Mena Massoud,Aladdin (Original Motion Picture Soundtrack)/영화 알라딘 OST,"POP, 국외영화"
201930,40,Speechless (Part 2),Naomi Scott,Aladdin (Original Motion Picture Soundtrack)/영화 알라딘 OST,"POP, 국외영화"
201930,85,Friend Like Me (End Title) (Feat. DJ Khaled),Will Smith,Aladdin (Original Motion Picture Soundtrack)/영화 알라딘 OST,"랩/힙합, 국외영화"
201931,3,Speechless (Full),Naomi Scott,Aladdin (Original Motion Picture Soundtrack)/영화 알라딘 OST,"POP, 국외영화"
201931,7,A Whole New World,Mena Massoud,Aladdin (Original Motion Picture Soundtrack)/영화 알라딘 OST,"POP, 국외영화"
201931,10,Arabian Nights (2019),Will Smith,Aladdin (Original Motion Picture Soundtrack)/영화 알라딘 OST,"POP, 국외영화"
201931,11,Prince Ali,Will Smith,Aladdin (Original Motion Picture Soundtrack)/영화 알라딘 OST,"POP, 국외영화"
201931,21,Friend Like Me,Will Smith,Aladdin (Original Motion Picture Soundtrack)/영화 알라딘 OST,"POP, 국외영화"
201931,46,One Jump Ahead,Mena Massoud,Aladdin (Original Motion Picture Soundtrack)/영화 알라딘 OST,"POP, 국외영화"
201931,53,Speechless (Part 2),Naomi Scott,Aladdin (Original Motion Picture Soundtrack)/영화 알라딘 OST,"POP, 국외영화"
201932,4,Speechless (Full),Naomi Scott,Aladdin (Original Motion Picture Soundtrack)/영화 알라딘 OST,"POP, 국외영화"
201932,10,A Whole New World,Mena Massoud,Aladdin (Original Motion Picture Soundtrack)/영화 알라딘 OST,"POP, 국외영화"
201932,13,Prince Ali,Will Smith,Aladdin (Original Motion Picture Soundtrack)/영화 알라딘 OST,"POP, 국외영화"
201932,14,Arabian Nights (2019),Will Smith,Aladdin (Original Motion Picture Soundtrack)/영화 알라딘 OST,"POP, 국외영화"
201932,29,Friend Like Me,Will Smith,Aladdin (Original Motion Picture Soundtrack)/영화 알라딘 OST,"POP, 국외영화"
201932,65,One Jump Ahead,Mena Massoud,Aladdin (Original Motion Picture Soundtrack)/영화 알라딘 OST,"POP, 국외영화"
201932,72,Speechless (Part 2),Naomi Scott,Aladdin (Original Motion Picture Soundtrack)/영화 알라딘 OST,"POP, 국외영화"
201933,7,Speechless (Full),Naomi Scott,Aladdin (Original Motion Picture Soundtrack)/영화 알라딘 OST,"POP, 국외영화"
201933,12,A Whole New World,Mena Massoud,Aladdin (Original Motion Picture Soundtrack)/영화 알라딘 OST,"POP, 국외영화"
201933,18,Prince Ali,Will Smith,Aladdin (Original Motion Picture Soundtrack)/영화 알라딘 OST,"POP, 국외영화"
201933,19,Arabian Nights (2019),Will Smith,Aladdin (Original Motion Picture Soundtrack)/영화 알라딘 OST,"POP, 국외영화"
201933,32,Friend Like Me,Will Smith,Aladdin (Original Motion Picture Soundtrack)/영화 알라딘 OST,"POP, 국외영화"
201933,85,One Jump Ahead,Mena Massoud,Aladdin (Original Motion Picture Soundtrack)/영화 알라딘 OST,"POP, 국외영화"
201933,91,Speechless (Part 2),Naomi Scott,Aladdin (Original Motion Picture Soundtrack)/영화 알라딘 OST,"POP, 국외영화"
201934,8,Speechless (Full),Naomi Scott,Aladdin (Original Motion Picture Soundtrack)/영화 알라딘 OST,"POP, 국외영화"
201934,14,A Whole New World,Mena Massoud,Aladdin (Original Motion Picture Soundtrack)/영화 알라딘 OST,"POP, 국외영화"
201934,20,Prince Ali,Will Smith,Aladdin (Original Motion Picture Soundtrack)/영화 알라딘 OST,"POP, 국외영화"
201934,21,Arabian Nights (2019),Will Smith,Aladdin (Original Motion Picture Soundtrack)/영화 알라딘 OST,"POP, 국외영화"
201934,37,Friend Like Me,Will Smith,Aladdin (Original Motion Picture Soundtrack)/영화 알라딘 OST,"POP, 국외영화"
201935,8,Speechless (Full),Naomi Scott,Aladdin (Original Motion Picture Soundtrack)/영화 알라딘 OST,"POP, 국외영화"
201935,16,A Whole New World,Mena Massoud,Aladdin (Original Motion Picture Soundtrack)/영화 알라딘 OST,"POP, 국외영화"
201935,20,Prince Ali,Will Smith,Aladdin (Original Motion Picture Soundtrack)/영화 알라딘 OST,"POP, 국외영화"
201935,21,Arabian Nights (2019),Will Smith,Aladdin (Original Motion Picture Soundtrack)/영화 알라딘 OST,"POP, 국외영화"
201935,42,Friend Like Me,Will Smith,Aladdin (Original Motion Picture Soundtrack)/영화 알라딘 OST,"POP, 국외영화"
201936,9,Speechless (Full),Naomi Scott,Aladdin (Original Motion Picture Soundtrack)/영화 알라딘 OST,"POP, 국외영화"
201936,16,A Whole New World,Mena Massoud,Aladdin (Original Motion Picture Soundtrack)/영화 알라딘 OST,"POP, 국외영화"
201936,23,Prince Ali,Will Smith,Aladdin (Original Motion Picture Soundtrack)/영화 알라딘 OST,"POP, 국외영화"
201936,24,Arabian Nights (2019),Will Smith,Aladdin (Original Motion Picture Soundtrack)/영화 알라딘 OST,"POP, 국외영화"
201936,47,Friend Like Me,Will Smith,Aladdin (Original Motion Picture Soundtrack)/영화 알라딘 OST,"POP, 국외영화"
201937,9,Speechless (Full),Naomi Scott,Aladdin (Original Motion Picture Soundtrack)/영화 알라딘 OST,"POP, 국외영화"
201937,15,A Whole New World,Mena Massoud,Aladdin (Original Motion Picture Soundtrack)/영화 알라딘 OST,"POP, 국외영화"
201937,23,Prince Ali,Will Smith,Aladdin (Original Motion Picture Soundtrack)/영화 알라딘 OST,"POP, 국외영화"
201937,26,Arabian Nights (2019),Will Smith,Aladdin (Original Motion Picture Soundtrack)/영화 알라딘 OST,"POP, 국외영화"
201937,52,Friend Like Me,Will Smith,Aladdin (Original Motion Picture Soundtrack)/영화 알라딘 OST,"POP, 국외영화"
201938,10,Speechless (Full),Naomi Scott,Aladdin (Original Motion Picture Soundtrack)/영화 알라딘 OST,"POP, 국외영화"
201938,15,A Whole New World,Mena Massoud,Aladdin (Original Motion Picture Soundtrack)/영화 알라딘 OST,"POP, 국외영화"
201938,28,Prince Ali,Will Smith,Aladdin (Original Motion Picture Soundtrack)/영화 알라딘 OST,"POP, 국외영화"
201938,29,Arabian Nights (2019),Will Smith,Aladdin (Original Motion Picture Soundtrack)/영화 알라딘 OST,"POP, 국외영화"
201938,67,Friend Like Me,Will Smith,Aladdin (Original Motion Picture Soundtrack)/영화 알라딘 OST,"POP, 국외영화"
201939,10,Speechless (Full),Naomi Scott,Aladdin (Original Motion Picture Soundtrack)/영화 알라딘 OST,"POP, 국외영화"
201939,15,A Whole New World,Mena Massoud,Aladdin (Original Motion Picture Soundtrack)/영화 알라딘 OST,"POP, 국외영화"
201939,29,Prince Ali,Will Smith,Aladdin (Original Motion Picture Soundtrack)/영화 알라딘 OST,"POP, 국외영화"
201939,31,Arabian Nights (2019),Will Smith,Aladdin (Original Motion Picture Soundtrack)/영화 알라딘 OST,"POP, 국외영화"
201939,76,Friend Like Me,Will Smith,Aladdin (Original Motion Picture Soundtrack)/영화 알라딘 OST,"POP, 국외영화"
201940,9,Speechless (Full),Naomi Scott,Aladdin (Original Motion Picture Soundtrack)/영화 알라딘 OST,"POP, 국외영화"
201940,14,A Whole New World,Mena Massoud,Aladdin (Original Motion Picture Soundtrack)/영화 알라딘 OST,"POP, 국외영화"
201940,30,Prince Ali,Will Smith,Aladdin (Original Motion Picture Soundtrack)/영화 알라딘 OST,"POP, 국외영화"
201940,32,Arabian Nights (2019),Will Smith,Aladdin (Original Motion Picture Soundtrack)/영화 알라딘 OST,"POP, 국외영화"
201940,73,Friend Like Me,Will Smith,Aladdin (Original Motion Picture Soundtrack)/영화 알라딘 OST,"POP, 국외영화"
201941,9,Speechless (Full),Naomi Scott,Aladdin (Original Motion Picture Soundtrack)/영화 알라딘 OST,"POP, 국외영화"
201941,14,A Whole New World,Mena Massoud,Aladdin (Original Motion Picture Soundtrack)/영화 알라딘 OST,"POP, 국외영화"
201941,34,Prince Ali,Will Smith,Aladdin (Original Motion Picture Soundtrack)/영화 알라딘 OST,"POP, 국외영화"
201941,36,Arabian Nights (2019),Will Smith,Aladdin (Original Motion Picture Soundtrack)/영화 알라딘 OST,"POP, 국외영화"
201941,83,Friend Like Me,Will Smith,Aladdin (Original Motion Picture Soundtrack)/영화 알라딘 OST,"POP, 국외영화"
201942,9,Speechless (Full),Naomi Scott,Aladdin (Original Motion Picture Soundtrack)/영화 알라딘 OST,"POP, 국외영화"
201942,13,A Whole New World,Mena Massoud,Aladdin (Original Motion Picture Soundtrack)/영화 알라딘 OST,"POP, 국외영화"
201942,36,Prince Ali,Will Smith,Aladdin (Original Motion Picture Soundtrack)/영화 알라딘 OST,"POP, 국외영화"
201942,42,Arabian Nights (2019),Will Smith,Aladdin (Original Motion Picture Soundtrack)/영화 알라딘 OST,"POP, 국외영화"
201942,97,Friend Like Me,Will Smith,Aladdin (Original Motion Picture Soundtrack)/영화 알라딘 OST,"POP, 국외영화"
201943,9,Speechless (Full),Naomi Scott,Aladdin (Original Motion Picture Soundtrack)/영화 알라딘 OST,"POP, 국외영화"
201943,12,A Whole New World,Mena Massoud,Aladdin (Original Motion Picture Soundtrack)/영화 알라딘 OST,"POP, 국외영화"
201943,38,Prince Ali,Will Smith,Aladdin (Original Motion Picture Soundtrack)/영화 알라딘 OST,"POP, 국외영화"
201943,45,Arabian Nights (2019),Will Smith,Aladdin (Original Motion Picture Soundtrack)/영화 알라딘 OST,"POP, 국외영화"
201943,98,Friend Like Me,Will Smith,Aladdin (Original Motion Picture Soundtrack)/영화 알라딘 OST,"POP, 국외영화"
201944,7,Speechless (Full),Naomi Scott,Aladdin (Original Motion Picture Soundtrack)/영화 알라딘 OST,"POP, 국외영화"
201944,13,A Whole New World,Mena Massoud,Aladdin (Original Motion Picture Soundtrack)/영화 알라딘 OST,"POP, 국외영화"
201944,43,Prince Ali,Will Smith,Aladdin (Original Motion Picture Soundtrack)/영화 알라딘 OST,"POP, 국외영화"
201944,47,Arabian Nights (2019),Will Smith,Aladdin (Original Motion Picture Soundtrack)/영화 알라딘 OST,"POP, 국외영화"
201944,99,Friend Like Me,Will Smith,Aladdin (Original Motion Picture Soundtrack)/영화 알라딘 OST,"POP, 국외영화"
201945,7,Speechless (Full),Naomi Scott,Aladdin (Original Motion Picture Soundtrack)/영화 알라딘 OST,"POP, 국외영화"
201945,15,A Whole New World,Mena Massoud,Aladdin (Original Motion Picture Soundtrack)/영화 알라딘 OST,"POP, 국외영화"
201945,49,Prince Ali,Will Smith,Aladdin (Original Motion Picture Soundtrack)/영화 알라딘 OST,"POP, 국외영화"
201945,54,Arabian Nights (2019),Will Smith,Aladdin (Original Motion Picture Soundtrack)/영화 알라딘 OST,"POP, 국외영화"
201946,7,Speechless (Full),Naomi Scott,Aladdin (Original Motion Picture Soundtrack)/영화 알라딘 OST,"POP, 국외영화"
201946,17,A Whole New World,Mena Massoud,Aladdin (Original Motion Picture Soundtrack)/영화 알라딘 OST,"POP, 국외영화"
201946,55,Prince Ali,Will Smith,Aladdin (Original Motion Picture Soundtrack)/영화 알라딘 OST,"POP, 국외영화"
201946,62,Arabian Nights (2019),Will Smith,Aladdin (Original Motion Picture Soundtrack)/영화 알라딘 OST,"POP, 국외영화"
201947,7,Speechless (Full),Naomi Scott,Aladdin (Original Motion Picture Soundtrack)/영화 알라딘 OST,"POP, 국외영화"
201947,22,A Whole New World,Mena Massoud,Aladdin (Original Motion Picture Soundtrack)/영화 알라딘 OST,"POP, 국외영화"
201947,71,Prince Ali,Will Smith,Aladdin (Original Motion Picture Soundtrack)/영화 알라딘 OST,"POP, 국외영화"
201947,78,Arabian Nights (2019),Will Smith,Aladdin (Original Motion Picture Soundtrack)/영화 알라딘 OST,"POP, 국외영화"
201948,10,Speechless (Full),Naomi Scott,Aladdin (Original Motion Picture Soundtrack)/영화 알라딘 OST,"POP, 국외영화"
201948,28,A Whole New World,Mena Massoud,Aladdin (Original Motion Picture Soundtrack)/영화 알라딘 OST,"POP, 국외영화"
201948,93,Prince Ali,Will Smith,Aladdin (Original Motion Picture Soundtrack)/영화 알라딘 OST,"POP, 국외영화"
201948,100,Arabian Nights (2019),Will Smith,Aladdin (Original Motion Picture Soundtrack)/영화 알라딘 OST,"POP, 국외영화"
201845,42,Bohemian Rhapsody,Queen,영화 보헤미안 랩소디 OST (Bohemian Rhapsody?OST),"록/메탈, 국외영화"
201845,71,Love Of My Life?(Live At Rock In Rio),Queen,영화 보헤미안 랩소디 OST (Bohemian Rhapsody?OST),"POP, 국외영화"
201845,72,Bohemian Rhapsody?(Live Aid),Queen,영화 보헤미안 랩소디 OST (Bohemian Rhapsody?OST),"록/메탈, 국외영화"
201845,78,Somebody To Love,Queen,영화 보헤미안 랩소디 OST (Bohemian Rhapsody?OST),"록/메탈, 국외영화"
201845,89,We Will Rock You?(Movie Mix),Queen,영화 보헤미안 랩소디 OST (Bohemian Rhapsody?OST),"록/메탈, 국외영화"
201845,100,Radio Ga Ga?(Live Aid),Queen,영화 보헤미안 랩소디 OST (Bohemian Rhapsody?OST),"록/메탈, 국외영화"
201846,23,Bohemian Rhapsody,Queen,영화 보헤미안 랩소디 OST (Bohemian Rhapsody?OST),"록/메탈, 국외영화"
201846,33,Bohemian Rhapsody?(Live Aid),Queen,영화 보헤미안 랩소디 OST (Bohemian Rhapsody?OST),"록/메탈, 국외영화"
201846,34,Love Of My Life?(Live At Rock In Rio),Queen,영화 보헤미안 랩소디 OST (Bohemian Rhapsody?OST),"POP, 국외영화"
201846,40,Somebody To Love,Queen,영화 보헤미안 랩소디 OST (Bohemian Rhapsody?OST),"록/메탈, 국외영화"
201846,43,Radio Ga Ga?(Live Aid),Queen,영화 보헤미안 랩소디 OST (Bohemian Rhapsody?OST),"록/메탈, 국외영화"
201846,47,We Will Rock You?(Movie Mix),Queen,영화 보헤미안 랩소디 OST (Bohemian Rhapsody?OST),"록/메탈, 국외영화"
201846,55,Killer Queen,Queen,영화 보헤미안 랩소디 OST (Bohemian Rhapsody?OST),"록/메탈, 국외영화"
201846,57,We Are The Champions?(Live Aid),Queen,영화 보헤미안 랩소디 OST (Bohemian Rhapsody?OST),"록/메탈, 국외영화"
201846,64,19금Don`t Stop Me Now?(...Revisited),Queen,영화 보헤미안 랩소디 OST (Bohemian Rhapsody?OST),"록/메탈, 국외영화"
201846,66,Ay-Oh?(Live Aid),Queen,영화 보헤미안 랩소디 OST (Bohemian Rhapsody?OST),국외영화
201846,70,Another One Bites The Dust,Queen,영화 보헤미안 랩소디 OST (Bohemian Rhapsody?OST),"록/메탈, 국외영화"
201846,87,Keep Yourself Alive?(Live At The Rainbow),Queen,영화 보헤미안 랩소디 OST (Bohemian Rhapsody?OST),"록/메탈, 국외영화"
201846,89,Doing All Right?(...Revisited),Queen,영화 보헤미안 랩소디 OST (Bohemian Rhapsody?OST),"록/메탈, 국외영화"
201846,90,I Want To Break Free,Queen,영화 보헤미안 랩소디 OST (Bohemian Rhapsody?OST),"록/메탈, 국외영화"
201846,94,Under Pressure?(feat. David Bowie)?(Remastered),Queen,영화 보헤미안 랩소디 OST (Bohemian Rhapsody?OST),"록/메탈, 국외영화"
201846,99,Hammer To Fall?(Live Aid),Queen,영화 보헤미안 랩소디 OST (Bohemian Rhapsody?OST),"록/메탈, 국외영화"
201847,16,Bohemian Rhapsody,Queen,영화 보헤미안 랩소디 OST (Bohemian Rhapsody?OST),"록/메탈, 국외영화"
201847,24,Bohemian Rhapsody?(Live Aid),Queen,영화 보헤미안 랩소디 OST (Bohemian Rhapsody?OST),"록/메탈, 국외영화"
201847,26,Love Of My Life?(Live At Rock In Rio),Queen,영화 보헤미안 랩소디 OST (Bohemian Rhapsody?OST),"POP, 국외영화"
201847,32,Radio Ga Ga?(Live Aid),Queen,영화 보헤미안 랩소디 OST (Bohemian Rhapsody?OST),"록/메탈, 국외영화"
201847,33,Somebody To Love,Queen,영화 보헤미안 랩소디 OST (Bohemian Rhapsody?OST),"록/메탈, 국외영화"
201847,36,We Will Rock You?(Movie Mix),Queen,영화 보헤미안 랩소디 OST (Bohemian Rhapsody?OST),"록/메탈, 국외영화"
201847,42,Killer Queen,Queen,영화 보헤미안 랩소디 OST (Bohemian Rhapsody?OST),"록/메탈, 국외영화"
201847,43,We Are The Champions?(Live Aid),Queen,영화 보헤미안 랩소디 OST (Bohemian Rhapsody?OST),"록/메탈, 국외영화"
201847,45,Ay-Oh?(Live Aid),Queen,영화 보헤미안 랩소디 OST (Bohemian Rhapsody?OST),국외영화
201847,48,19금Don`t Stop Me Now?(...Revisited),Queen,영화 보헤미안 랩소디 OST (Bohemian Rhapsody?OST),"록/메탈, 국외영화"
201847,51,Another One Bites The Dust,Queen,영화 보헤미안 랩소디 OST (Bohemian Rhapsody?OST),"록/메탈, 국외영화"
201847,73,Keep Yourself Alive?(Live At The Rainbow),Queen,영화 보헤미안 랩소디 OST (Bohemian Rhapsody?OST),"록/메탈, 국외영화"
201847,78,Doing All Right?(...Revisited),Queen,영화 보헤미안 랩소디 OST (Bohemian Rhapsody?OST),"록/메탈, 국외영화"
201847,79,I Want To Break Free,Queen,영화 보헤미안 랩소디 OST (Bohemian Rhapsody?OST),"록/메탈, 국외영화"
201847,81,Under Pressure?(feat. David Bowie)?(Remastered),Queen,영화 보헤미안 랩소디 OST (Bohemian Rhapsody?OST),"록/메탈, 국외영화"
201847,85,Hammer To Fall?(Live Aid),Queen,영화 보헤미안 랩소디 OST (Bohemian Rhapsody?OST),"록/메탈, 국외영화"
201847,90,Now I`m Here?(Live At The Hammersmith Odeon),Queen,영화 보헤미안 랩소디 OST (Bohemian Rhapsody?OST),"록/메탈, 국외영화"
201847,97,Crazy Little Thing Called Love,Queen,영화 보헤미안 랩소디 OST (Bohemian Rhapsody?OST),"록/메탈, 국외영화"
201847,99,Fat Bottomed Girls?(Live In Paris),Queen,영화 보헤미안 랩소디 OST (Bohemian Rhapsody?OST),"록/메탈, 국외영화"
201848,13,Bohemian Rhapsody,Queen,영화 보헤미안 랩소디 OST (Bohemian Rhapsody?OST),"록/메탈, 국외영화"
201848,21,Bohemian Rhapsody?(Live Aid),Queen,영화 보헤미안 랩소디 OST (Bohemian Rhapsody?OST),"록/메탈, 국외영화"
201848,26,Love Of My Life?(Live At Rock In Rio),Queen,영화 보헤미안 랩소디 OST (Bohemian Rhapsody?OST),"POP, 국외영화"
201848,27,Radio Ga Ga?(Live Aid),Queen,영화 보헤미안 랩소디 OST (Bohemian Rhapsody?OST),"록/메탈, 국외영화"
201848,28,Somebody To Love,Queen,영화 보헤미안 랩소디 OST (Bohemian Rhapsody?OST),"록/메탈, 국외영화"
201848,32,We Will Rock You?(Movie Mix),Queen,영화 보헤미안 랩소디 OST (Bohemian Rhapsody?OST),"록/메탈, 국외영화"
201848,35,We Are The Champions?(Live Aid),Queen,영화 보헤미안 랩소디 OST (Bohemian Rhapsody?OST),"록/메탈, 국외영화"
201848,38,Ay-Oh?(Live Aid),Queen,영화 보헤미안 랩소디 OST (Bohemian Rhapsody?OST),국외영화
201848,40,Killer Queen,Queen,영화 보헤미안 랩소디 OST (Bohemian Rhapsody?OST),"록/메탈, 국외영화"
201848,42,19금Don`t Stop Me Now?(...Revisited),Queen,영화 보헤미안 랩소디 OST (Bohemian Rhapsody?OST),"록/메탈, 국외영화"
201848,43,Another One Bites The Dust,Queen,영화 보헤미안 랩소디 OST (Bohemian Rhapsody?OST),"록/메탈, 국외영화"
201848,62,Hammer To Fall?(Live Aid),Queen,영화 보헤미안 랩소디 OST (Bohemian Rhapsody?OST),"록/메탈, 국외영화"
201848,63,I Want To Break Free,Queen,영화 보헤미안 랩소디 OST (Bohemian Rhapsody?OST),"록/메탈, 국외영화"
201848,64,Keep Yourself Alive?(Live At The Rainbow),Queen,영화 보헤미안 랩소디 OST (Bohemian Rhapsody?OST),"록/메탈, 국외영화"
201848,68,Doing All Right?(...Revisited),Queen,영화 보헤미안 랩소디 OST (Bohemian Rhapsody?OST),"록/메탈, 국외영화"
201848,70,Under Pressure?(feat. David Bowie)?(Remastered),Queen,영화 보헤미안 랩소디 OST (Bohemian Rhapsody?OST),"록/메탈, 국외영화"
201848,80,Now I`m Here?(Live At The Hammersmith Odeon),Queen,영화 보헤미안 랩소디 OST (Bohemian Rhapsody?OST),"록/메탈, 국외영화"
201848,84,Crazy Little Thing Called Love,Queen,영화 보헤미안 랩소디 OST (Bohemian Rhapsody?OST),"록/메탈, 국외영화"
201848,88,Fat Bottomed Girls?(Live In Paris),Queen,영화 보헤미안 랩소디 OST (Bohemian Rhapsody?OST),"록/메탈, 국외영화"
201848,91,The Show Must Go On,Queen,영화 보헤미안 랩소디 OST (Bohemian Rhapsody?OST),"록/메탈, 국외영화"
201848,97,Who Wants To Live Forever,Queen,영화 보헤미안 랩소디 OST (Bohemian Rhapsody?OST),"록/메탈, 국외영화"
201849,9,Bohemian Rhapsody,Queen,영화 보헤미안 랩소디 OST (Bohemian Rhapsody?OST),"록/메탈, 국외영화"
201849,18,Bohemian Rhapsody?(Live Aid),Queen,영화 보헤미안 랩소디 OST (Bohemian Rhapsody?OST),"록/메탈, 국외영화"
201849,22,Radio Ga Ga?(Live Aid),Queen,영화 보헤미안 랩소디 OST (Bohemian Rhapsody?OST),"록/메탈, 국외영화"
201849,28,Love Of My Life?(Live At Rock In Rio),Queen,영화 보헤미안 랩소디 OST (Bohemian Rhapsody?OST),"POP, 국외영화"
201849,31,Ay-Oh?(Live Aid),Queen,영화 보헤미안 랩소디 OST (Bohemian Rhapsody?OST),국외영화
201849,32,We Are The Champions?(Live Aid),Queen,영화 보헤미안 랩소디 OST (Bohemian Rhapsody?OST),"록/메탈, 국외영화"
201849,36,Somebody To Love,Queen,영화 보헤미안 랩소디 OST (Bohemian Rhapsody?OST),"록/메탈, 국외영화"
201849,38,We Will Rock You?(Movie Mix),Queen,영화 보헤미안 랩소디 OST (Bohemian Rhapsody?OST),"록/메탈, 국외영화"
201849,42,Killer Queen,Queen,영화 보헤미안 랩소디 OST (Bohemian Rhapsody?OST),"록/메탈, 국외영화"
201849,45,19금Don`t Stop Me Now?(...Revisited),Queen,영화 보헤미안 랩소디 OST (Bohemian Rhapsody?OST),"록/메탈, 국외영화"
201849,46,Another One Bites The Dust,Queen,영화 보헤미안 랩소디 OST (Bohemian Rhapsody?OST),"록/메탈, 국외영화"
201849,47,Hammer To Fall?(Live Aid),Queen,영화 보헤미안 랩소디 OST (Bohemian Rhapsody?OST),"록/메탈, 국외영화"
201849,67,I Want To Break Free,Queen,영화 보헤미안 랩소디 OST (Bohemian Rhapsody?OST),"록/메탈, 국외영화"
201849,68,Keep Yourself Alive?(Live At The Rainbow),Queen,영화 보헤미안 랩소디 OST (Bohemian Rhapsody?OST),"록/메탈, 국외영화"
201849,69,Under Pressure?(feat. David Bowie)?(Remastered),Queen,영화 보헤미안 랩소디 OST (Bohemian Rhapsody?OST),"록/메탈, 국외영화"
201849,73,Doing All Right?(...Revisited),Queen,영화 보헤미안 랩소디 OST (Bohemian Rhapsody?OST),"록/메탈, 국외영화"
201849,86,Crazy Little Thing Called Love,Queen,영화 보헤미안 랩소디 OST (Bohemian Rhapsody?OST),"록/메탈, 국외영화"
201849,87,Now I`m Here?(Live At The Hammersmith Odeon),Queen,영화 보헤미안 랩소디 OST (Bohemian Rhapsody?OST),"록/메탈, 국외영화"
201849,90,Fat Bottomed Girls?(Live In Paris),Queen,영화 보헤미안 랩소디 OST (Bohemian Rhapsody?OST),"록/메탈, 국외영화"
201849,96,The Show Must Go On,Queen,영화 보헤미안 랩소디 OST (Bohemian Rhapsody?OST),"록/메탈, 국외영화"
201850,10,Bohemian Rhapsody,Queen,영화 보헤미안 랩소디 OST (Bohemian Rhapsody?OST),"록/메탈, 국외영화"
201850,22,Bohemian Rhapsody?(Live Aid),Queen,영화 보헤미안 랩소디 OST (Bohemian Rhapsody?OST),"록/메탈, 국외영화"
201850,29,Radio Ga Ga?(Live Aid),Queen,영화 보헤미안 랩소디 OST (Bohemian Rhapsody?OST),"록/메탈, 국외영화"
201850,35,Love Of My Life?(Live At Rock In Rio),Queen,영화 보헤미안 랩소디 OST (Bohemian Rhapsody?OST),"POP, 국외영화"
201850,40,Somebody To Love,Queen,영화 보헤미안 랩소디 OST (Bohemian Rhapsody?OST),"록/메탈, 국외영화"
201850,41,Ay-Oh?(Live Aid),Queen,영화 보헤미안 랩소디 OST (Bohemian Rhapsody?OST),국외영화
201850,42,We Are The Champions?(Live Aid),Queen,영화 보헤미안 랩소디 OST (Bohemian Rhapsody?OST),"록/메탈, 국외영화"
201850,45,We Will Rock You?(Movie Mix),Queen,영화 보헤미안 랩소디 OST (Bohemian Rhapsody?OST),"록/메탈, 국외영화"
201850,48,Killer Queen,Queen,영화 보헤미안 랩소디 OST (Bohemian Rhapsody?OST),"록/메탈, 국외영화"
201850,52,Another One Bites The Dust,Queen,영화 보헤미안 랩소디 OST (Bohemian Rhapsody?OST),"록/메탈, 국외영화"
201850,57,19금Don`t Stop Me Now?(...Revisited),Queen,영화 보헤미안 랩소디 OST (Bohemian Rhapsody?OST),"록/메탈, 국외영화"
201850,63,Hammer To Fall?(Live Aid),Queen,영화 보헤미안 랩소디 OST (Bohemian Rhapsody?OST),"록/메탈, 국외영화"
201850,74,I Want To Break Free,Queen,영화 보헤미안 랩소디 OST (Bohemian Rhapsody?OST),"록/메탈, 국외영화"
201850,83,Keep Yourself Alive?(Live At The Rainbow),Queen,영화 보헤미안 랩소디 OST (Bohemian Rhapsody?OST),"록/메탈, 국외영화"
201850,85,Under Pressure?(feat. David Bowie)?(Remastered),Queen,영화 보헤미안 랩소디 OST (Bohemian Rhapsody?OST),"록/메탈, 국외영화"
201850,87,Doing All Right?(...Revisited),Queen,영화 보헤미안 랩소디 OST (Bohemian Rhapsody?OST),"록/메탈, 국외영화"
201850,95,Crazy Little Thing Called Love,Queen,영화 보헤미안 랩소디 OST (Bohemian Rhapsody?OST),"록/메탈, 국외영화"
201850,98,Now I`m Here?(Live At The Hammersmith Odeon),Queen,영화 보헤미안 랩소디 OST (Bohemian Rhapsody?OST),"록/메탈, 국외영화"
201851,10,Bohemian Rhapsody,Queen,영화 보헤미안 랩소디 OST (Bohemian Rhapsody?OST),"록/메탈, 국외영화"
201851,30,Bohemian Rhapsody?(Live Aid),Queen,영화 보헤미안 랩소디 OST (Bohemian Rhapsody?OST),"록/메탈, 국외영화"
201851,34,Radio Ga Ga?(Live Aid),Queen,영화 보헤미안 랩소디 OST (Bohemian Rhapsody?OST),"록/메탈, 국외영화"
201851,40,Love Of My Life?(Live At Rock In Rio),Queen,영화 보헤미안 랩소디 OST (Bohemian Rhapsody?OST),"POP, 국외영화"
201851,47,Somebody To Love,Queen,영화 보헤미안 랩소디 OST (Bohemian Rhapsody?OST),"록/메탈, 국외영화"
201851,50,Ay-Oh?(Live Aid),Queen,영화 보헤미안 랩소디 OST (Bohemian Rhapsody?OST),국외영화
201851,52,We Are The Champions?(Live Aid),Queen,영화 보헤미안 랩소디 OST (Bohemian Rhapsody?OST),"록/메탈, 국외영화"
201851,54,We Will Rock You?(Movie Mix),Queen,영화 보헤미안 랩소디 OST (Bohemian Rhapsody?OST),"록/메탈, 국외영화"
201851,57,Killer Queen,Queen,영화 보헤미안 랩소디 OST (Bohemian Rhapsody?OST),"록/메탈, 국외영화"
201851,64,Another One Bites The Dust,Queen,영화 보헤미안 랩소디 OST (Bohemian Rhapsody?OST),"록/메탈, 국외영화"
201851,72,19금Don`t Stop Me Now?(...Revisited),Queen,영화 보헤미안 랩소디 OST (Bohemian Rhapsody?OST),"록/메탈, 국외영화"
201851,79,Hammer To Fall?(Live Aid),Queen,영화 보헤미안 랩소디 OST (Bohemian Rhapsody?OST),"록/메탈, 국외영화"
201851,92,I Want To Break Free,Queen,영화 보헤미안 랩소디 OST (Bohemian Rhapsody?OST),"록/메탈, 국외영화"
201852,11,Bohemian Rhapsody,Queen,영화 보헤미안 랩소디 OST (Bohemian Rhapsody?OST),"록/메탈, 국외영화"
201852,29,Bohemian Rhapsody?(Live Aid),Queen,영화 보헤미안 랩소디 OST (Bohemian Rhapsody?OST),"록/메탈, 국외영화"
201852,30,Radio Ga Ga?(Live Aid),Queen,영화 보헤미안 랩소디 OST (Bohemian Rhapsody?OST),"록/메탈, 국외영화"
201852,43,Love Of My Life?(Live At Rock In Rio),Queen,영화 보헤미안 랩소디 OST (Bohemian Rhapsody?OST),"POP, 국외영화"
201852,49,Ay-Oh?(Live Aid),Queen,영화 보헤미안 랩소디 OST (Bohemian Rhapsody?OST),국외영화
201852,50,Somebody To Love,Queen,영화 보헤미안 랩소디 OST (Bohemian Rhapsody?OST),"록/메탈, 국외영화"
201852,55,We Are The Champions?(Live Aid),Queen,영화 보헤미안 랩소디 OST (Bohemian Rhapsody?OST),"록/메탈, 국외영화"
201852,56,We Will Rock You?(Movie Mix),Queen,영화 보헤미안 랩소디 OST (Bohemian Rhapsody?OST),"록/메탈, 국외영화"
201852,66,Killer Queen,Queen,영화 보헤미안 랩소디 OST (Bohemian Rhapsody?OST),"록/메탈, 국외영화"
201852,77,Another One Bites The Dust,Queen,영화 보헤미안 랩소디 OST (Bohemian Rhapsody?OST),"록/메탈, 국외영화"
201852,81,19금Don`t Stop Me Now?(...Revisited),Queen,영화 보헤미안 랩소디 OST (Bohemian Rhapsody?OST),"록/메탈, 국외영화"
201852,94,Hammer To Fall?(Live Aid),Queen,영화 보헤미안 랩소디 OST (Bohemian Rhapsody?OST),"록/메탈, 국외영화"
201901,21,Bohemian Rhapsody,Queen,영화 보헤미안 랩소디 OST (Bohemian Rhapsody OST),"록/메탈, 국외영화"
201901,51,Radio Ga Ga (Live Aid),Queen,영화 보헤미안 랩소디 OST (Bohemian Rhapsody OST),"록/메탈, 국외영화"
20191,52,Bohemian Rhapsody (Live Aid),Queen,영화 보헤미안 랩소디 OST (Bohemian Rhapsody OST),"록/메탈, 국외영화"
20191,55,Love Of My Life (Live At Rock In Rio),Queen,영화 보헤미안 랩소디 OST (Bohemian Rhapsody OST),"POP, 국외영화"
20191,72,Somebody To Love,Queen,영화 보헤미안 랩소디 OST (Bohemian Rhapsody OST),"록/메탈, 국외영화"
20191,78,Ay-Oh (Live Aid),Queen,영화 보헤미안 랩소디 OST (Bohemian Rhapsody OST),국외영화
20191,80,We Will Rock You (Movie Mix),Queen,영화 보헤미안 랩소디 OST (Bohemian Rhapsody OST),"록/메탈, 국외영화"
20191,81,We Are The Champions (Live Aid),Queen,영화 보헤미안 랩소디 OST (Bohemian Rhapsody OST),"록/메탈, 국외영화"
20191,93,Killer Queen,Queen,영화 보헤미안 랩소디 OST (Bohemian Rhapsody OST),"록/메탈, 국외영화"
20191,98,Another One Bites The Dust,Queen,영화 보헤미안 랩소디 OST (Bohemian Rhapsody OST),"록/메탈, 국외영화"
201902,21,Bohemian Rhapsody,Queen,영화 보헤미안 랩소디 OST (Bohemian Rhapsody OST),"록/메탈, 국외영화"
201902,51,Radio Ga Ga (Live Aid),Queen,영화 보헤미안 랩소디 OST (Bohemian Rhapsody OST),"록/메탈, 국외영화"
201902,52,Bohemian Rhapsody (Live Aid),Queen,영화 보헤미안 랩소디 OST (Bohemian Rhapsody OST),"록/메탈, 국외영화"
201902,55,Love Of My Life (Live At Rock In Rio),Queen,영화 보헤미안 랩소디 OST (Bohemian Rhapsody OST),"POP, 국외영화"
201902,72,Somebody To Love,Queen,영화 보헤미안 랩소디 OST (Bohemian Rhapsody OST),"록/메탈, 국외영화"
201902,78,Ay-Oh (Live Aid),Queen,영화 보헤미안 랩소디 OST (Bohemian Rhapsody OST),국외영화
201902,80,We Will Rock You (Movie Mix),Queen,영화 보헤미안 랩소디 OST (Bohemian Rhapsody OST),"록/메탈, 국외영화"
201902,81,We Are The Champions (Live Aid),Queen,영화 보헤미안 랩소디 OST (Bohemian Rhapsody OST),"록/메탈, 국외영화"
201902,93,Killer Queen,Queen,영화 보헤미안 랩소디 OST (Bohemian Rhapsody OST),"록/메탈, 국외영화"
201902,98,Another One Bites The Dust,Queen,영화 보헤미안 랩소디 OST (Bohemian Rhapsody OST),"록/메탈, 국외영화"
201903,26,Bohemian Rhapsody,Queen,영화 보헤미안 랩소디 OST (Bohemian Rhapsody OST),"록/메탈, 국외영화"
201903,62,Radio Ga Ga (Live Aid),Queen,영화 보헤미안 랩소디 OST (Bohemian Rhapsody OST),"록/메탈, 국외영화"
201903,65,Bohemian Rhapsody (Live Aid),Queen,영화 보헤미안 랩소디 OST (Bohemian Rhapsody OST),"록/메탈, 국외영화"
201903,71,Love Of My Life (Live At Rock In Rio),Queen,영화 보헤미안 랩소디 OST (Bohemian Rhapsody OST),"POP, 국외영화"
201903,87,Somebody To Love,Queen,영화 보헤미안 랩소디 OST (Bohemian Rhapsody OST),"록/메탈, 국외영화"
201903,95,Ay-Oh (Live Aid),Queen,영화 보헤미안 랩소디 OST (Bohemian Rhapsody OST),국외영화
201903,97,We Will Rock You (Movie Mix),Queen,영화 보헤미안 랩소디 OST (Bohemian Rhapsody OST),"록/메탈, 국외영화"
201903,99,We Are The Champions (Live Aid),Queen,영화 보헤미안 랩소디 OST (Bohemian Rhapsody OST),"록/메탈, 국외영화"
201904,33,Bohemian Rhapsody,Queen,영화 보헤미안 랩소디 OST (Bohemian Rhapsody OST),"록/메탈, 국외영화"
201904,76,Radio Ga Ga (Live Aid),Queen,영화 보헤미안 랩소디 OST (Bohemian Rhapsody OST),"록/메탈, 국외영화"
201904,77,Bohemian Rhapsody (Live Aid),Queen,영화 보헤미안 랩소디 OST (Bohemian Rhapsody OST),"록/메탈, 국외영화"
201904,83,Love Of My Life (Live At Rock In Rio),Queen,영화 보헤미안 랩소디 OST (Bohemian Rhapsody OST),"POP, 국외영화"
201905,35,Bohemian Rhapsody,Queen,영화 보헤미안 랩소디 OST (Bohemian Rhapsody OST),"록/메탈, 국외영화"
201905,80,Bohemian Rhapsody (Live Aid),Queen,영화 보헤미안 랩소디 OST (Bohemian Rhapsody OST),"록/메탈, 국외영화"
201905,81,Radio Ga Ga (Live Aid),Queen,영화 보헤미안 랩소디 OST (Bohemian Rhapsody OST),"록/메탈, 국외영화"
201905,98,Love Of My Life (Live At Rock In Rio),Queen,영화 보헤미안 랩소디 OST (Bohemian Rhapsody OST),"POP, 국외영화"
201906,35,Bohemian Rhapsody,Queen,영화 보헤미안 랩소디 OST (Bohemian Rhapsody OST),"록/메탈, 국외영화"
201906,85,Radio Ga Ga (Live Aid),Queen,영화 보헤미안 랩소디 OST (Bohemian Rhapsody OST),"록/메탈, 국외영화"
201906,87,Bohemian Rhapsody (Live Aid),Queen,영화 보헤미안 랩소디 OST (Bohemian Rhapsody OST),"록/메탈, 국외영화"
201906,98,Love Of My Life (Live At Rock In Rio),Queen,영화 보헤미안 랩소디 OST (Bohemian Rhapsody OST),"POP, 국외영화"
201907,49,Bohemian Rhapsody,Queen,영화 보헤미안 랩소디 OST (Bohemian Rhapsody OST),"록/메탈, 국외영화"
201908,49,Bohemian Rhapsody,Queen,영화 보헤미안 랩소디 OST (Bohemian Rhapsody OST),"록/메탈, 국외영화"
201909,53,Bohemian Rhapsody,Queen,영화 보헤미안 랩소디 OST (Bohemian Rhapsody OST),"록/메탈, 국외영화"
201910,66,Bohemian Rhapsody,Queen,영화 보헤미안 랩소디 OST (Bohemian Rhapsody OST),"록/메탈, 국외영화"
201911,74,Bohemian Rhapsody,Queen,영화 보헤미안 랩소디 OST (Bohemian Rhapsody OST),"록/메탈, 국외영화"
201912,72,Bohemian Rhapsody,Queen,영화 보헤미안 랩소디 OST (Bohemian Rhapsody OST),"록/메탈, 국외영화"
201913,81,Bohemian Rhapsody,Queen,영화 보헤미안 랩소디 OST (Bohemian Rhapsody OST),"록/메탈, 국외영화"
201914,86,Bohemian Rhapsody,Queen,영화 보헤미안 랩소디 OST (Bohemian Rhapsody OST),"록/메탈, 국외영화"
201915,98,Bohemian Rhapsody,Queen,영화 보헤미안 랩소디 OST (Bohemian Rhapsody OST),"록/메탈, 국외영화"
201946,84,"Into the Unknown (From ""Frozen 2""/Soundtrack Version)",Idina Menzel,Frozen 2 (Original Motion Picture Soundtrack/Deluxe Edition)/ 겨울왕국 2 OST,"POP, 애니메이션/웹툰, 키즈, 만화"
201947,11,"Into the Unknown (From ""Frozen 2""/Soundtrack Version)",Idina Menzel,Frozen 2 (Original Motion Picture Soundtrack/Deluxe Edition)/ 겨울왕국 2 OST,"POP, 애니메이션/웹툰, 키즈, 만화"
201947,14,"숨겨진 세상 (Into the Unknown End Credit Version) (""겨울왕국 2"")",태연 (TAEYEON),겨울왕국 2 (한국어 버전),"발라드, 애니메이션/웹툰, 키즈, 만화"
201947,15,"Show Yourself (From ""Frozen 2""/Soundtrack Version)",Idina Menzel,Frozen 2 (Original Motion Picture Soundtrack/Deluxe Edition)/ 겨울왕국 2 OST,"POP, 애니메이션/웹툰, 키즈, 만화"
201947,31,"Some Things Never Change (From ""Frozen 2""/Soundtrack Version)",Kristen Bell,Frozen 2 (Original Motion Picture Soundtrack/Deluxe Edition)/ 겨울왕국 2 OST,"POP, 애니메이션/웹툰, 키즈, 만화"
201947,32,"The Next Right Thing (From ""Frozen 2""/Soundtrack Version)",Kristen Bell,Frozen 2 (Original Motion Picture Soundtrack/Deluxe Edition)/ 겨울왕국 2 OST,"POP, 애니메이션/웹툰, 키즈, 만화"
201947,38,"All Is Found (From ""Frozen 2""/Soundtrack Version)",Evan Rachel Wood,Frozen 2 (Original Motion Picture Soundtrack/Deluxe Edition)/ 겨울왕국 2 OST,"POP, 애니메이션/웹툰, 키즈, 만화"
201947,43,"Lost in the Woods (From ""Frozen 2""/Soundtrack Version)",Jonathan Groff,Frozen 2 (Original Motion Picture Soundtrack/Deluxe Edition)/ 겨울왕국 2 OST,"POP, 애니메이션/웹툰, 키즈, 만화"
201947,53,"When I Am Older (From ""Frozen 2""/Soundtrack Version)",Josh Gad,Frozen 2 (Original Motion Picture Soundtrack/Deluxe Edition)/ 겨울왕국 2 OST,"애니메이션/웹툰, 키즈, 만화"
201947,54,"숨겨진 세상 (""겨울왕국 2"")",Hye Na Park,겨울왕국 2 (한국어 버전),"애니메이션/웹툰, 키즈, 만화"
201947,57,"Into the Unknown (From ""Frozen 2""/Panic! At The Disco Version)",Panic! At The Disco,Frozen 2 (Original Motion Picture Soundtrack/Deluxe Edition)/ 겨울왕국 2 OST,"록/메탈, 애니메이션/웹툰, 키즈, 만화"
201947,77,"Reindeer(s) Are Better Than People (Cont.) (From ""Frozen 2""/Soundtrack Version)",Jonathan Groff,Frozen 2 (Original Motion Picture Soundtrack/Deluxe Edition)/ 겨울왕국 2 OST,"애니메이션/웹툰, 키즈, 만화"
201948,1,"Into the Unknown (From ""Frozen 2""/Soundtrack Version)",Idina Menzel,Frozen 2 (Original Motion Picture Soundtrack/Deluxe Edition)/ 겨울왕국 2 OST,"POP, 애니메이션/웹툰, 키즈, 만화"
201948,4,"Show Yourself (From ""Frozen 2""/Soundtrack Version)",Idina Menzel,Frozen 2 (Original Motion Picture Soundtrack/Deluxe Edition)/ 겨울왕국 2 OST,"POP, 애니메이션/웹툰, 키즈, 만화"
201948,6,"숨겨진 세상 (Into the Unknown End Credit Version) (""겨울왕국 2"")",태연 (TAEYEON),겨울왕국 2 (한국어 버전),"발라드, 애니메이션/웹툰, 키즈, 만화"
201948,14,"Some Things Never Change (From ""Frozen 2""/Soundtrack Version)",Kristen Bell,Frozen 2 (Original Motion Picture Soundtrack/Deluxe Edition)/ 겨울왕국 2 OST,"POP, 애니메이션/웹툰, 키즈, 만화"
201948,17,"All Is Found (From ""Frozen 2""/Soundtrack Version)",Evan Rachel Wood,Frozen 2 (Original Motion Picture Soundtrack/Deluxe Edition)/ 겨울왕국 2 OST,"POP, 애니메이션/웹툰, 키즈, 만화"
201948,18,"The Next Right Thing (From ""Frozen 2""/Soundtrack Version)",Kristen Bell,Frozen 2 (Original Motion Picture Soundtrack/Deluxe Edition)/ 겨울왕국 2 OST,"POP, 애니메이션/웹툰, 키즈, 만화"
201948,19,"Lost in the Woods (From ""Frozen 2""/Soundtrack Version)",Jonathan Groff,Frozen 2 (Original Motion Picture Soundtrack/Deluxe Edition)/ 겨울왕국 2 OST,"POP, 애니메이션/웹툰, 키즈, 만화"
201948,25,"Into the Unknown (From ""Frozen 2""/Panic! At The Disco Version)",Panic! At The Disco,Frozen 2 (Original Motion Picture Soundtrack/Deluxe Edition)/ 겨울왕국 2 OST,"록/메탈, 애니메이션/웹툰, 키즈, 만화"
201948,26,"When I Am Older (From ""Frozen 2""/Soundtrack Version)",Josh Gad,Frozen 2 (Original Motion Picture Soundtrack/Deluxe Edition)/ 겨울왕국 2 OST,"애니메이션/웹툰, 키즈, 만화"
201948,29,"숨겨진 세상 (""겨울왕국 2"")",Hye Na Park,겨울왕국 2 (한국어 버전),"애니메이션/웹툰, 키즈, 만화"
201948,33,"Reindeer(s) Are Better Than People (Cont.) (From ""Frozen 2""/Soundtrack Version)",Jonathan Groff,Frozen 2 (Original Motion Picture Soundtrack/Deluxe Edition)/ 겨울왕국 2 OST,"애니메이션/웹툰, 키즈, 만화"
201948,42,"Lost in the Woods (From ""Frozen 2""/Weezer Version)",Weezer,Frozen 2 (Original Motion Picture Soundtrack/Deluxe Edition)/ 겨울왕국 2 OST,"록/메탈, 애니메이션/웹툰, 키즈, 만화"
201948,43,"보여줘 (""겨울왕국 2"")",Hye Na Park,겨울왕국 2 (한국어 버전),"애니메이션/웹툰, 키즈, 만화"
201948,48,"기억의 강 (""겨울왕국 2"")",Young-Kyung Cho,겨울왕국 2 (한국어 버전),"애니메이션/웹툰, 키즈, 만화"
201948,49,"Into the Unknown (From ""Frozen 2""/Panic! At The Disco Version)",Panic! At The Disco,겨울왕국 2 (한국어 버전),"록/메탈, 애니메이션/웹툰, 키즈, 만화"
201948,50,"All Is Found (From ""Frozen 2""/Kacey Musgraves Version)",Kacey Musgraves,Frozen 2 (Original Motion Picture Soundtrack/Deluxe Edition)/ 겨울왕국 2 OST,"애니메이션/웹툰, 키즈, 만화"
201948,52,"Home (From ""Frozen 2""/Outtake)",Kristen Bell,Frozen 2 (Original Motion Picture Soundtrack/Deluxe Edition)/ 겨울왕국 2 OST,"포크, 애니메이션/웹툰, 키즈, 만화"
201948,54,"변치 않는 건 (""겨울왕국 2"")",박지윤,겨울왕국 2 (한국어 버전),"애니메이션/웹툰, 키즈, 만화"
201948,59,"All Is Found (Lullaby Ending) (From ""Frozen 2""/Outtake)",Evan Rachel Wood,Frozen 2 (Original Motion Picture Soundtrack/Deluxe Edition)/ 겨울왕국 2 OST,"포크, 애니메이션/웹툰, 키즈, 만화"
201948,62,"어른이 된다는 건 (""겨울왕국 2"")",이장원,겨울왕국 2 (한국어 버전),"애니메이션/웹툰, 키즈, 만화"
201948,64,"I Seek the Truth (From ""Frozen 2""/Outtake)",Kristen Anderson-Lopez,Frozen 2 (Original Motion Picture Soundtrack/Deluxe Edition)/ 겨울왕국 2 OST,"POP, 애니메이션/웹툰, 키즈, 만화"
201948,67,"사랑이란 숲에서 길을 잃다 (""겨울왕국 2"")",정상윤,겨울왕국 2 (한국어 버전),"애니메이션/웹툰, 키즈, 만화"
201948,80,"순록이 사람보다 낫지 (Cont.) (""겨울왕국 2"")",정상윤,겨울왕국 2 (한국어 버전),"애니메이션/웹툰, 키즈, 만화"
201948,82,"해야 할 일 (""겨울왕국 2"")",박지윤,겨울왕국 2 (한국어 버전),"애니메이션/웹툰, 키즈, 만화"
201948,84,"All Is Found (From ""Frozen 2""/Kacey Musgraves Version)",Kacey Musgraves,겨울왕국 2 (한국어 버전),"포크, 애니메이션/웹툰, 키즈, 만화"
201948,90,"Get This Right (From ""Frozen 2""/Outtake)",Jonathan Groff,Frozen 2 (Original Motion Picture Soundtrack/Deluxe Edition)/ 겨울왕국 2 OST,"POP, 애니메이션/웹툰, 키즈, 만화"
