0,1,2,3,4,5
201801,8,This Is Me,Keala Settle,위대한 쇼맨 (The Greatest Showman) OST,"POP, 국외영화"
201801,10,See You Again (폴 워커 추모 엔딩곡),Charlie Puth,분노의 질주: 더 세븐 OST,"랩/힙합, 국외영화"
201801,12,Never Enough,Loren Allred,위대한 쇼맨 (The Greatest Showman) OST,"POP, 국외영화"
201801,15,The Greatest Show,Hugh Jackman,위대한 쇼맨 (The Greatest Showman) OST,국외영화
201801,16,Rewrite The Stars,Zac Efron,위대한 쇼맨 (The Greatest Showman) OST,"POP, 국외영화"
201801,22,The Other Side,Hugh Jackman,위대한 쇼맨 (The Greatest Showman) OST,"POP, 국외영화"
201801,23,Lost Stars,Adam Levine,Begin Again - Music From And Inspired By The Original Motion Picture,"POP, 록/메탈, 국외영화"
201801,25,"City Of Stars (From ""La La Land"" Soundtrack)",Ryan Gosling,라라 랜드 OST,"POP, 국외영화"
201801,30,A Million Dreams,Ziv Zaifman,위대한 쇼맨 (The Greatest Showman) OST,"POP, 국외영화"
201801,40,Come Alive,Hugh Jackman,위대한 쇼맨 (The Greatest Showman) OST,"POP, 국외영화"
201801,44,From Now On,Hugh Jackman,위대한 쇼맨 (The Greatest Showman) OST,"POP, 국외영화"
201801,55,Tightrope,Michelle Williams,위대한 쇼맨 (The Greatest Showman) OST,"POP, 국외영화"
201801,76,Another Day Of Sun,La La Land Cast,라라 랜드 OST,국외영화
201801,89,How Long Will I Love You,Ellie Goulding,어바웃타임 OST,"록/메탈, 국외영화"
201801,93,A Million Dreams (Reprise),Austyn Johnson,위대한 쇼맨 (The Greatest Showman) OST,국외영화
201801,97,Falling Slowly,Glen Hansard & Marketa Irglova,원스 (Once) OST,국외영화
201802,6,This Is Me,Keala Settle,위대한 쇼맨 (The Greatest Showman) OST,"POP, 국외영화"
201802,12,See You Again (폴 워커 추모 엔딩곡),Charlie Puth,분노의 질주: 더 세븐 OST,"랩/힙합, 국외영화"
201802,13,Never Enough,Loren Allred,위대한 쇼맨 (The Greatest Showman) OST,"POP, 국외영화"
201802,16,Rewrite The Stars,Zac Efron,위대한 쇼맨 (The Greatest Showman) OST,"POP, 국외영화"
201802,18,The Greatest Show,Hugh Jackman,위대한 쇼맨 (The Greatest Showman) OST,국외영화
201802,23,"City Of Stars (From ""La La Land"" Soundtrack)",Ryan Gosling,라라 랜드 OST,"POP, 국외영화"
201802,24,Lost Stars,Adam Levine,Begin Again - Music From And Inspired By The Original Motion Picture,"POP, 록/메탈, 국외영화"
201802,25,The Other Side,Hugh Jackman,위대한 쇼맨 (The Greatest Showman) OST,"POP, 국외영화"
201802,30,A Million Dreams,Ziv Zaifman,위대한 쇼맨 (The Greatest Showman) OST,"POP, 국외영화"
201802,41,Come Alive,Hugh Jackman,위대한 쇼맨 (The Greatest Showman) OST,"POP, 국외영화"
201802,45,From Now On,Hugh Jackman,위대한 쇼맨 (The Greatest Showman) OST,"POP, 국외영화"
201802,59,Tightrope,Michelle Williams,위대한 쇼맨 (The Greatest Showman) OST,"POP, 국외영화"
201802,86,Another Day Of Sun,La La Land Cast,라라 랜드 OST,국외영화
201802,94,How Long Will I Love You,Ellie Goulding,어바웃타임 OST,"록/메탈, 국외영화"
201802,98,Let It Go,Idina Menzel,겨울왕국 OST,"POP, 애니메이션/웹툰, 키즈, 만화"
201803,7,This Is Me,Keala Settle,위대한 쇼맨 (The Greatest Showman) OST,"POP, 국외영화"
201803,12,See You Again (폴 워커 추모 엔딩곡),Charlie Puth,분노의 질주: 더 세븐 OST,"랩/힙합, 국외영화"
201803,14,Never Enough,Loren Allred,위대한 쇼맨 (The Greatest Showman) OST,"POP, 국외영화"
201803,15,Rewrite The Stars,Zac Efron,위대한 쇼맨 (The Greatest Showman) OST,"POP, 국외영화"
201803,17,The Greatest Show,Hugh Jackman,위대한 쇼맨 (The Greatest Showman) OST,국외영화
201803,18,Lost Stars,Adam Levine,Begin Again - Music From And Inspired By The Original Motion Picture,"POP, 록/메탈, 국외영화"
201803,21,"City Of Stars (From ""La La Land"" Soundtrack)",Ryan Gosling,라라 랜드 OST,"POP, 국외영화"
201803,30,The Other Side,Hugh Jackman,위대한 쇼맨 (The Greatest Showman) OST,"POP, 국외영화"
201803,34,A Million Dreams,Ziv Zaifman,위대한 쇼맨 (The Greatest Showman) OST,"POP, 국외영화"
201803,45,Come Alive,Hugh Jackman,위대한 쇼맨 (The Greatest Showman) OST,"POP, 국외영화"
201803,47,From Now On,Hugh Jackman,위대한 쇼맨 (The Greatest Showman) OST,"POP, 국외영화"
201803,50,Golden Slumbers,강승윤,골든슬럼버 OST Special Track,"발라드, 국내영화"
201803,65,Tightrope,Michelle Williams,위대한 쇼맨 (The Greatest Showman) OST,"POP, 국외영화"
201803,77,Falling Slowly,Glen Hansard & Marketa Irglova,원스 (Once) OST,국외영화
201803,86,How Long Will I Love You,Ellie Goulding,어바웃타임 OST,"록/메탈, 국외영화"
201803,88,Another Day Of Sun,La La Land Cast,라라 랜드 OST,국외영화
201803,89,Let It Go,Idina Menzel,겨울왕국 OST,"POP, 애니메이션/웹툰, 키즈, 만화"
201803,95,Remember Me (D?o) (Feat. Natalia Lafourcade),Miguel,Coco (Original Motion Picture Soundtrack),"POP, 애니메이션/웹툰, 키즈, 만화"
201804,10,This Is Me,Keala Settle,위대한 쇼맨 (The Greatest Showman) OST,"POP, 국외영화"
201804,11,See You Again (폴 워커 추모 엔딩곡),Charlie Puth,분노의 질주: 더 세븐 OST,"랩/힙합, 국외영화"
201804,15,Lost Stars,Adam Levine,Begin Again - Music From And Inspired By The Original Motion Picture,"POP, 록/메탈, 국외영화"
201804,17,Never Enough,Loren Allred,위대한 쇼맨 (The Greatest Showman) OST,"POP, 국외영화"
201804,22,Rewrite The Stars,Zac Efron,위대한 쇼맨 (The Greatest Showman) OST,"POP, 국외영화"
201804,23,"City Of Stars (From ""La La Land"" Soundtrack)",Ryan Gosling,라라 랜드 OST,"POP, 국외영화"
201804,29,The Greatest Show,Hugh Jackman,위대한 쇼맨 (The Greatest Showman) OST,국외영화
201804,38,The Other Side,Hugh Jackman,위대한 쇼맨 (The Greatest Showman) OST,"POP, 국외영화"
201804,43,불행했음 좋겠다 (With 전상근),San E,"라라 (Live Again, Love Again) OST Part.3","랩/힙합, 국내영화"
201804,44,A Million Dreams,Ziv Zaifman,위대한 쇼맨 (The Greatest Showman) OST,"POP, 국외영화"
201804,54,Come Alive,Hugh Jackman,위대한 쇼맨 (The Greatest Showman) OST,"POP, 국외영화"
201804,59,From Now On,Hugh Jackman,위대한 쇼맨 (The Greatest Showman) OST,"POP, 국외영화"
201804,71,Remember Me (D?o) (Feat. Natalia Lafourcade),Miguel,Coco (Original Motion Picture Soundtrack),"POP, 애니메이션/웹툰, 키즈, 만화"
201804,74,Golden Slumbers,강승윤,골든슬럼버 OST Special Track,"발라드, 국내영화"
201804,80,How Long Will I Love You,Ellie Goulding,어바웃타임 OST,"록/메탈, 국외영화"
201804,81,Let It Go,Idina Menzel,겨울왕국 OST,"POP, 애니메이션/웹툰, 키즈, 만화"
201804,84,Falling Slowly,Glen Hansard & Marketa Irglova,원스 (Once) OST,국외영화
201804,88,Tightrope,Michelle Williams,위대한 쇼맨 (The Greatest Showman) OST,"POP, 국외영화"
201804,94,Another Day Of Sun,La La Land Cast,라라 랜드 OST,국외영화
201804,100,Remember Me (Lullaby),Gael Garcia Bernal,Coco (Original Motion Picture Soundtrack),"애니메이션/웹툰, 키즈, 만화"
201805,12,See You Again (폴 워커 추모 엔딩곡),Charlie Puth,분노의 질주: 더 세븐 OST,"랩/힙합, 국외영화"
201805,13,This Is Me,Keala Settle,위대한 쇼맨 (The Greatest Showman) OST,"POP, 국외영화"
201805,14,Lost Stars,Adam Levine,Begin Again - Music From And Inspired By The Original Motion Picture,"POP, 록/메탈, 국외영화"
201805,19,"City Of Stars (From ""La La Land"" Soundtrack)",Ryan Gosling,라라 랜드 OST,"POP, 국외영화"
201805,22,Never Enough,Loren Allred,위대한 쇼맨 (The Greatest Showman) OST,"POP, 국외영화"
201805,27,Rewrite The Stars,Zac Efron,위대한 쇼맨 (The Greatest Showman) OST,"POP, 국외영화"
201805,31,The Greatest Show,Hugh Jackman,위대한 쇼맨 (The Greatest Showman) OST,국외영화
201805,41,불행했음 좋겠다 (With 전상근),San E,"라라 (Live Again, Love Again) OST Part.3","랩/힙합, 국내영화"
201805,43,The Other Side,Hugh Jackman,위대한 쇼맨 (The Greatest Showman) OST,"POP, 국외영화"
201805,48,A Million Dreams,Ziv Zaifman,위대한 쇼맨 (The Greatest Showman) OST,"POP, 국외영화"
201805,55,Remember Me (D?o) (Feat. Natalia Lafourcade),Miguel,Coco (Original Motion Picture Soundtrack),"POP, 애니메이션/웹툰, 키즈, 만화"
201805,70,Come Alive,Hugh Jackman,위대한 쇼맨 (The Greatest Showman) OST,"POP, 국외영화"
201805,73,How Long Will I Love You,Ellie Goulding,어바웃타임 OST,"록/메탈, 국외영화"
201805,79,From Now On,Hugh Jackman,위대한 쇼맨 (The Greatest Showman) OST,"POP, 국외영화"
201805,80,Falling Slowly,Glen Hansard & Marketa Irglova,원스 (Once) OST,국외영화
201805,82,Let It Go,Idina Menzel,겨울왕국 OST,"POP, 애니메이션/웹툰, 키즈, 만화"
201805,93,Another Day Of Sun,La La Land Cast,라라 랜드 OST,국외영화
201805,95,Remember Me (Lullaby),Gael Garcia Bernal,Coco (Original Motion Picture Soundtrack),"애니메이션/웹툰, 키즈, 만화"
201805,100,Tightrope,Michelle Williams,위대한 쇼맨 (The Greatest Showman) OST,"POP, 국외영화"
201806,12,See You Again (폴 워커 추모 엔딩곡),Charlie Puth,분노의 질주: 더 세븐 OST,"랩/힙합, 국외영화"
201806,14,This Is Me,Keala Settle,위대한 쇼맨 (The Greatest Showman) OST,"POP, 국외영화"
201806,15,Lost Stars,Adam Levine,Begin Again - Music From And Inspired By The Original Motion Picture,"POP, 록/메탈, 국외영화"
201806,22,"City Of Stars (From ""La La Land"" Soundtrack)",Ryan Gosling,라라 랜드 OST,"POP, 국외영화"
201806,25,Never Enough,Loren Allred,위대한 쇼맨 (The Greatest Showman) OST,"POP, 국외영화"
201806,30,Rewrite The Stars,Zac Efron,위대한 쇼맨 (The Greatest Showman) OST,"POP, 국외영화"
201806,35,The Greatest Show,Hugh Jackman,위대한 쇼맨 (The Greatest Showman) OST,국외영화
201806,45,The Other Side,Hugh Jackman,위대한 쇼맨 (The Greatest Showman) OST,"POP, 국외영화"
201806,52,A Million Dreams,Ziv Zaifman,위대한 쇼맨 (The Greatest Showman) OST,"POP, 국외영화"
201806,53,Remember Me (D?o) (Feat. Natalia Lafourcade),Miguel,Coco (Original Motion Picture Soundtrack),"POP, 애니메이션/웹툰, 키즈, 만화"
201806,74,How Long Will I Love You,Ellie Goulding,어바웃타임 OST,"록/메탈, 국외영화"
201806,75,Falling Slowly,Glen Hansard & Marketa Irglova,원스 (Once) OST,국외영화
201806,77,Come Alive,Hugh Jackman,위대한 쇼맨 (The Greatest Showman) OST,"POP, 국외영화"
201806,79,Let It Go,Idina Menzel,겨울왕국 OST,"POP, 애니메이션/웹툰, 키즈, 만화"
201806,85,불행했음 좋겠다 (With 전상근),San E,"라라 (Live Again, Love Again) OST Part.3","랩/힙합, 국내영화"
201806,86,From Now On,Hugh Jackman,위대한 쇼맨 (The Greatest Showman) OST,"POP, 국외영화"
201806,94,Remember Me (Lullaby),Gael Garcia Bernal,Coco (Original Motion Picture Soundtrack),"애니메이션/웹툰, 키즈, 만화"
201806,95,Another Day Of Sun,La La Land Cast,라라 랜드 OST,국외영화
201807,11,See You Again (폴 워커 추모 엔딩곡),Charlie Puth,분노의 질주: 더 세븐 OST,"랩/힙합, 국외영화"
201807,13,Lost Stars,Adam Levine,Begin Again - Music From And Inspired By The Original Motion Picture,"POP, 록/메탈, 국외영화"
201807,14,This Is Me,Keala Settle,위대한 쇼맨 (The Greatest Showman) OST,"POP, 국외영화"
201807,19,"City Of Stars (From ""La La Land"" Soundtrack)",Ryan Gosling,라라 랜드 OST,"POP, 국외영화"
201807,24,Never Enough,Loren Allred,위대한 쇼맨 (The Greatest Showman) OST,"POP, 국외영화"
201807,32,Rewrite The Stars,Zac Efron,위대한 쇼맨 (The Greatest Showman) OST,"POP, 국외영화"
201807,36,The Greatest Show,Hugh Jackman,위대한 쇼맨 (The Greatest Showman) OST,국외영화
201807,44,The Other Side,Hugh Jackman,위대한 쇼맨 (The Greatest Showman) OST,"POP, 국외영화"
201807,52,A Million Dreams,Ziv Zaifman,위대한 쇼맨 (The Greatest Showman) OST,"POP, 국외영화"
201807,57,Remember Me (D?o) (Feat. Natalia Lafourcade),Miguel,Coco (Original Motion Picture Soundtrack),"POP, 애니메이션/웹툰, 키즈, 만화"
201807,74,How Long Will I Love You,Ellie Goulding,어바웃타임 OST,"록/메탈, 국외영화"
201807,75,Let It Go,Idina Menzel,겨울왕국 OST,"POP, 애니메이션/웹툰, 키즈, 만화"
201807,77,Come Alive,Hugh Jackman,위대한 쇼맨 (The Greatest Showman) OST,"POP, 국외영화"
201807,82,Falling Slowly,Glen Hansard & Marketa Irglova,원스 (Once) OST,국외영화
201807,86,From Now On,Hugh Jackman,위대한 쇼맨 (The Greatest Showman) OST,"POP, 국외영화"
201807,93,Another Day Of Sun,La La Land Cast,라라 랜드 OST,국외영화
201807,99,Remember Me (Lullaby),Gael Garcia Bernal,Coco (Original Motion Picture Soundtrack),"애니메이션/웹툰, 키즈, 만화"
201808,11,See You Again (폴 워커 추모 엔딩곡),Charlie Puth,분노의 질주: 더 세븐 OST,"랩/힙합, 국외영화"
201808,13,Lost Stars,Adam Levine,Begin Again - Music From And Inspired By The Original Motion Picture,"POP, 록/메탈, 국외영화"
201808,15,This Is Me,Keala Settle,위대한 쇼맨 (The Greatest Showman) OST,"POP, 국외영화"
201808,19,"City Of Stars (From ""La La Land"" Soundtrack)",Ryan Gosling,라라 랜드 OST,"POP, 국외영화"
201808,27,Never Enough,Loren Allred,위대한 쇼맨 (The Greatest Showman) OST,"POP, 국외영화"
201808,34,Rewrite The Stars,Zac Efron,위대한 쇼맨 (The Greatest Showman) OST,"POP, 국외영화"
201808,41,The Greatest Show,Hugh Jackman,위대한 쇼맨 (The Greatest Showman) OST,국외영화
201808,52,The Other Side,Hugh Jackman,위대한 쇼맨 (The Greatest Showman) OST,"POP, 국외영화"
201808,63,A Million Dreams,Ziv Zaifman,위대한 쇼맨 (The Greatest Showman) OST,"POP, 국외영화"
201808,69,How Long Will I Love You,Ellie Goulding,어바웃타임 OST,"록/메탈, 국외영화"
201808,74,Remember Me (D?o) (Feat. Natalia Lafourcade),Miguel,Coco (Original Motion Picture Soundtrack),"POP, 애니메이션/웹툰, 키즈, 만화"
201808,81,Let It Go,Idina Menzel,겨울왕국 OST,"POP, 애니메이션/웹툰, 키즈, 만화"
201808,86,Falling Slowly,Glen Hansard & Marketa Irglova,원스 (Once) OST,국외영화
201808,88,Another Day Of Sun,La La Land Cast,라라 랜드 OST,국외영화
201808,89,Come Alive,Hugh Jackman,위대한 쇼맨 (The Greatest Showman) OST,"POP, 국외영화"
201808,95,19금Lose Yourself,Eminem,8 마일 OST,"록/메탈, 랩/힙합, 국외영화"
201808,96,From Now On,Hugh Jackman,위대한 쇼맨 (The Greatest Showman) OST,"POP, 국외영화"
201809,10,See You Again (폴 워커 추모 엔딩곡),Charlie Puth,분노의 질주: 더 세븐 OST,"랩/힙합, 국외영화"
201809,12,Lost Stars,Adam Levine,Begin Again - Music From And Inspired By The Original Motion Picture,"POP, 록/메탈, 국외영화"
201809,15,This Is Me,Keala Settle,위대한 쇼맨 (The Greatest Showman) OST,"POP, 국외영화"
201809,16,"City Of Stars (From ""La La Land"" Soundtrack)",Ryan Gosling,라라 랜드 OST,"POP, 국외영화"
201809,32,Never Enough,Loren Allred,위대한 쇼맨 (The Greatest Showman) OST,"POP, 국외영화"
201809,37,Rewrite The Stars,Zac Efron,위대한 쇼맨 (The Greatest Showman) OST,"POP, 국외영화"
201809,45,The Greatest Show,Hugh Jackman,위대한 쇼맨 (The Greatest Showman) OST,국외영화
201809,51,19금Lose Yourself,Eminem,8 마일 OST,"록/메탈, 랩/힙합, 국외영화"
201809,65,The Other Side,Hugh Jackman,위대한 쇼맨 (The Greatest Showman) OST,"POP, 국외영화"
201809,70,How Long Will I Love You,Ellie Goulding,어바웃타임 OST,"록/메탈, 국외영화"
201809,72,A Million Dreams,Ziv Zaifman,위대한 쇼맨 (The Greatest Showman) OST,"POP, 국외영화"
201809,84,Another Day Of Sun,La La Land Cast,라라 랜드 OST,국외영화
201809,86,Let It Go,Idina Menzel,겨울왕국 OST,"POP, 애니메이션/웹툰, 키즈, 만화"
201809,87,For You (Fifty Shades Freed),Liam Payne,Fifty Shades Freed (Original Motion Picture Soundtrack),"POP, 국외영화"
201809,88,Falling Slowly,Glen Hansard & Marketa Irglova,원스 (Once) OST,국외영화
201809,89,Remember Me (D?o) (Feat. Natalia Lafourcade),Miguel,Coco (Original Motion Picture Soundtrack),"POP, 애니메이션/웹툰, 키즈, 만화"
201809,99,Come Alive,Hugh Jackman,위대한 쇼맨 (The Greatest Showman) OST,"POP, 국외영화"
201810,10,See You Again (폴 워커 추모 엔딩곡),Charlie Puth,분노의 질주: 더 세븐 OST,"랩/힙합, 국외영화"
201810,13,Lost Stars,Adam Levine,Begin Again - Music From And Inspired By The Original Motion Picture,"POP, 록/메탈, 국외영화"
201810,15,This Is Me,Keala Settle,위대한 쇼맨 (The Greatest Showman) OST,"POP, 국외영화"
201810,16,It was you,San E,"라라 (Live Again, Love Again) OST Part.4","랩/힙합, 국내영화"
201810,19,"City Of Stars (From ""La La Land"" Soundtrack)",Ryan Gosling,라라 랜드 OST,"POP, 국외영화"
201810,31,Never Enough,Loren Allred,위대한 쇼맨 (The Greatest Showman) OST,"POP, 국외영화"
201810,35,Rewrite The Stars,Zac Efron,위대한 쇼맨 (The Greatest Showman) OST,"POP, 국외영화"
201810,44,The Greatest Show,Hugh Jackman,위대한 쇼맨 (The Greatest Showman) OST,국외영화
201810,61,The Other Side,Hugh Jackman,위대한 쇼맨 (The Greatest Showman) OST,"POP, 국외영화"
201810,65,19금Lose Yourself,Eminem,8 마일 OST,"록/메탈, 랩/힙합, 국외영화"
201810,72,A Million Dreams,Ziv Zaifman,위대한 쇼맨 (The Greatest Showman) OST,"POP, 국외영화"
201810,80,How Long Will I Love You,Ellie Goulding,어바웃타임 OST,"록/메탈, 국외영화"
201810,87,Another Day Of Sun,La La Land Cast,라라 랜드 OST,국외영화
201810,92,Remember Me (D?o) (Feat. Natalia Lafourcade),Miguel,Coco (Original Motion Picture Soundtrack),"POP, 애니메이션/웹툰, 키즈, 만화"
201810,94,Let It Go,Idina Menzel,겨울왕국 OST,"POP, 애니메이션/웹툰, 키즈, 만화"
201810,95,Falling Slowly,Glen Hansard & Marketa Irglova,원스 (Once) OST,국외영화
201810,100,Come Alive,Hugh Jackman,위대한 쇼맨 (The Greatest Showman) OST,"POP, 국외영화"
201811,11,See You Again (폴 워커 추모 엔딩곡),Charlie Puth,분노의 질주: 더 세븐 OST,"랩/힙합, 국외영화"
201811,12,Lost Stars,Adam Levine,Begin Again - Music From And Inspired By The Original Motion Picture,"POP, 록/메탈, 국외영화"
201811,15,This Is Me,Keala Settle,위대한 쇼맨 (The Greatest Showman) OST,"POP, 국외영화"
201811,16,"City Of Stars (From ""La La Land"" Soundtrack)",Ryan Gosling,라라 랜드 OST,"POP, 국외영화"
201811,27,Never Enough,Loren Allred,위대한 쇼맨 (The Greatest Showman) OST,"POP, 국외영화"
201811,31,It was you,San E,"라라 (Live Again, Love Again) OST Part.4","랩/힙합, 국내영화"
201811,37,Rewrite The Stars,Zac Efron,위대한 쇼맨 (The Greatest Showman) OST,"POP, 국외영화"
201811,44,The Greatest Show,Hugh Jackman,위대한 쇼맨 (The Greatest Showman) OST,국외영화
201811,65,19금Lose Yourself,Eminem,8 마일 OST,"록/메탈, 랩/힙합, 국외영화"
201811,66,The Other Side,Hugh Jackman,위대한 쇼맨 (The Greatest Showman) OST,"POP, 국외영화"
201811,71,How Long Will I Love You,Ellie Goulding,어바웃타임 OST,"록/메탈, 국외영화"
201811,73,A Million Dreams,Ziv Zaifman,위대한 쇼맨 (The Greatest Showman) OST,"POP, 국외영화"
201811,79,Another Day Of Sun,La La Land Cast,라라 랜드 OST,국외영화
201811,82,No One Else Like You,Adam Levine,Begin Again - Music From And Inspired By The Original Motion Picture,"록/메탈, 국외영화"
201811,91,말리꽃,이승철,청연 OST,"발라드, 국내영화"
201811,92,서쪽 하늘,이승철,청연 OST,"발라드, 국내영화"
201811,94,Falling Slowly,Glen Hansard & Marketa Irglova,원스 (Once) OST,국외영화
201811,95,Let It Go,Idina Menzel,겨울왕국 OST,"POP, 애니메이션/웹툰, 키즈, 만화"
201812,10,See You Again (폴 워커 추모 엔딩곡),Charlie Puth,분노의 질주: 더 세븐 OST,"랩/힙합, 국외영화"
201812,12,Lost Stars,Adam Levine,Begin Again - Music From And Inspired By The Original Motion Picture,"POP, 록/메탈, 국외영화"
201812,16,This Is Me,Keala Settle,위대한 쇼맨 (The Greatest Showman) OST,"POP, 국외영화"
201812,17,"City Of Stars (From ""La La Land"" Soundtrack)",Ryan Gosling,라라 랜드 OST,"POP, 국외영화"
201812,30,Never Enough,Loren Allred,위대한 쇼맨 (The Greatest Showman) OST,"POP, 국외영화"
201812,40,Rewrite The Stars,Zac Efron,위대한 쇼맨 (The Greatest Showman) OST,"POP, 국외영화"
201812,46,The Greatest Show,Hugh Jackman,위대한 쇼맨 (The Greatest Showman) OST,국외영화
201812,63,It was you,San E,"라라 (Live Again, Love Again) OST Part.4","랩/힙합, 국내영화"
201812,65,No One Else Like You,Adam Levine,Begin Again - Music From And Inspired By The Original Motion Picture,"록/메탈, 국외영화"
201812,68,19금Lose Yourself,Eminem,8 마일 OST,"록/메탈, 랩/힙합, 국외영화"
201812,69,How Long Will I Love You,Ellie Goulding,어바웃타임 OST,"록/메탈, 국외영화"
201812,76,The Other Side,Hugh Jackman,위대한 쇼맨 (The Greatest Showman) OST,"POP, 국외영화"
201812,82,Another Day Of Sun,La La Land Cast,라라 랜드 OST,국외영화
201812,83,A Million Dreams,Ziv Zaifman,위대한 쇼맨 (The Greatest Showman) OST,"POP, 국외영화"
201812,89,서쪽 하늘,이승철,청연 OST,"발라드, 국내영화"
201812,91,말리꽃,이승철,청연 OST,"발라드, 국내영화"
201812,92,Falling Slowly,Glen Hansard & Marketa Irglova,원스 (Once) OST,국외영화
201812,95,Let It Go,Idina Menzel,겨울왕국 OST,"POP, 애니메이션/웹툰, 키즈, 만화"
201813,13,See You Again (폴 워커 추모 엔딩곡),Charlie Puth,분노의 질주: 더 세븐 OST,"랩/힙합, 국외영화"
201813,15,Lost Stars,Adam Levine,Begin Again - Music From And Inspired By The Original Motion Picture,"POP, 록/메탈, 국외영화"
201813,21,"City Of Stars (From ""La La Land"" Soundtrack)",Ryan Gosling,라라 랜드 OST,"POP, 국외영화"
201813,23,This Is Me,Keala Settle,위대한 쇼맨 (The Greatest Showman) OST,"POP, 국외영화"
201813,38,Never Enough,Loren Allred,위대한 쇼맨 (The Greatest Showman) OST,"POP, 국외영화"
201813,47,Rewrite The Stars,Zac Efron,위대한 쇼맨 (The Greatest Showman) OST,"POP, 국외영화"
201813,55,The Greatest Show,Hugh Jackman,위대한 쇼맨 (The Greatest Showman) OST,국외영화
201813,71,Another Day Of Sun,La La Land Cast,라라 랜드 OST,국외영화
201813,79,19금Lose Yourself,Eminem,8 마일 OST,"록/메탈, 랩/힙합, 국외영화"
201813,82,How Long Will I Love You,Ellie Goulding,어바웃타임 OST,"록/메탈, 국외영화"
201813,85,No One Else Like You,Adam Levine,Begin Again - Music From And Inspired By The Original Motion Picture,"록/메탈, 국외영화"
201813,90,The Other Side,Hugh Jackman,위대한 쇼맨 (The Greatest Showman) OST,"POP, 국외영화"
201813,93,서쪽 하늘,이승철,청연 OST,"발라드, 국내영화"
201813,97,A Million Dreams,Ziv Zaifman,위대한 쇼맨 (The Greatest Showman) OST,"POP, 국외영화"
201813,99,말리꽃,이승철,청연 OST,"발라드, 국내영화"
201813,100,It was you,San E,"라라 (Live Again, Love Again) OST Part.4","랩/힙합, 국내영화"
201814,16,See You Again (폴 워커 추모 엔딩곡),Charlie Puth,분노의 질주: 더 세븐 OST,"랩/힙합, 국외영화"
201814,18,Lost Stars,Adam Levine,Begin Again - Music From And Inspired By The Original Motion Picture,"POP, 록/메탈, 국외영화"
201814,20,"City Of Stars (From ""La La Land"" Soundtrack)",Ryan Gosling,라라 랜드 OST,"POP, 국외영화"
201814,26,This Is Me,Keala Settle,위대한 쇼맨 (The Greatest Showman) OST,"POP, 국외영화"
201814,49,Never Enough,Loren Allred,위대한 쇼맨 (The Greatest Showman) OST,"POP, 국외영화"
201814,56,How Long Will I Love You,Ellie Goulding,어바웃타임 OST,"록/메탈, 국외영화"
201814,57,Rewrite The Stars,Zac Efron,위대한 쇼맨 (The Greatest Showman) OST,"POP, 국외영화"
201814,66,Another Day Of Sun,La La Land Cast,라라 랜드 OST,국외영화
201814,72,The Greatest Show,Hugh Jackman,위대한 쇼맨 (The Greatest Showman) OST,국외영화
201814,91,서쪽 하늘,이승철,청연 OST,"발라드, 국내영화"
201814,93,19금Lose Yourself,Eminem,8 마일 OST,"록/메탈, 랩/힙합, 국외영화"
201814,98,No One Else Like You,Adam Levine,Begin Again - Music From And Inspired By The Original Motion Picture,"록/메탈, 국외영화"
201815,15,Lost Stars,Adam Levine,Begin Again - Music From And Inspired By The Original Motion Picture,"POP, 록/메탈, 국외영화"
201815,17,See You Again (폴 워커 추모 엔딩곡),Charlie Puth,분노의 질주: 더 세븐 OST,"랩/힙합, 국외영화"
201815,19,"City Of Stars (From ""La La Land"" Soundtrack)",Ryan Gosling,라라 랜드 OST,"POP, 국외영화"
201815,28,This Is Me,Keala Settle,위대한 쇼맨 (The Greatest Showman) OST,"POP, 국외영화"
201815,51,Never Enough,Loren Allred,위대한 쇼맨 (The Greatest Showman) OST,"POP, 국외영화"
201815,53,How Long Will I Love You,Ellie Goulding,어바웃타임 OST,"록/메탈, 국외영화"
201815,55,Another Day Of Sun,La La Land Cast,라라 랜드 OST,국외영화
201815,58,Rewrite The Stars,Zac Efron,위대한 쇼맨 (The Greatest Showman) OST,"POP, 국외영화"
201815,75,The Greatest Show,Hugh Jackman,위대한 쇼맨 (The Greatest Showman) OST,국외영화
201815,84,Strawberries & Cigarettes,Troye Sivan,"Love, Simon OST (영화 ‘러브 사이먼’ 오리지널 사운드트랙)","POP, 국외영화"
201815,92,No One Else Like You,Adam Levine,Begin Again - Music From And Inspired By The Original Motion Picture,"록/메탈, 국외영화"
201815,94,19금Lose Yourself,Eminem,8 마일 OST,"록/메탈, 랩/힙합, 국외영화"
201815,96,서쪽 하늘,이승철,청연 OST,"발라드, 국내영화"
201816,18,See You Again (폴 워커 추모 엔딩곡),Charlie Puth,분노의 질주: 더 세븐 OST,"랩/힙합, 국외영화"
201816,19,Lost Stars,Adam Levine,Begin Again - Music From And Inspired By The Original Motion Picture,"POP, 록/메탈, 국외영화"
201816,21,"City Of Stars (From ""La La Land"" Soundtrack)",Ryan Gosling,라라 랜드 OST,"POP, 국외영화"
201816,31,This Is Me,Keala Settle,위대한 쇼맨 (The Greatest Showman) OST,"POP, 국외영화"
201816,48,Strawberries & Cigarettes,Troye Sivan,"Love, Simon OST (영화 ‘러브 사이먼’ 오리지널 사운드트랙)","POP, 국외영화"
201816,54,How Long Will I Love You,Ellie Goulding,어바웃타임 OST,"록/메탈, 국외영화"
201816,57,Never Enough,Loren Allred,위대한 쇼맨 (The Greatest Showman) OST,"POP, 국외영화"
201816,66,Another Day Of Sun,La La Land Cast,라라 랜드 OST,국외영화
201816,69,Rewrite The Stars,Zac Efron,위대한 쇼맨 (The Greatest Showman) OST,"POP, 국외영화"
201816,84,The Greatest Show,Hugh Jackman,위대한 쇼맨 (The Greatest Showman) OST,국외영화
201816,91,No One Else Like You,Adam Levine,Begin Again - Music From And Inspired By The Original Motion Picture,"록/메탈, 국외영화"
201816,93,서쪽 하늘,이승철,청연 OST,"발라드, 국내영화"
201816,100,19금Lose Yourself,Eminem,8 마일 OST,"록/메탈, 랩/힙합, 국외영화"
201817,17,See You Again (폴 워커 추모 엔딩곡),Charlie Puth,분노의 질주: 더 세븐 OST,"랩/힙합, 국외영화"
201817,18,Lost Stars,Adam Levine,Begin Again - Music From And Inspired By The Original Motion Picture,"POP, 록/메탈, 국외영화"
201817,21,"City Of Stars (From ""La La Land"" Soundtrack)",Ryan Gosling,라라 랜드 OST,"POP, 국외영화"
201817,30,This Is Me,Keala Settle,위대한 쇼맨 (The Greatest Showman) OST,"POP, 국외영화"
201817,40,Strawberries & Cigarettes,Troye Sivan,"Love, Simon OST (영화 ‘러브 사이먼’ 오리지널 사운드트랙)","POP, 국외영화"
201817,55,Never Enough,Loren Allred,위대한 쇼맨 (The Greatest Showman) OST,"POP, 국외영화"
201817,59,How Long Will I Love You,Ellie Goulding,어바웃타임 OST,"록/메탈, 국외영화"
201817,67,Rewrite The Stars,Zac Efron,위대한 쇼맨 (The Greatest Showman) OST,"POP, 국외영화"
201817,69,Another Day Of Sun,La La Land Cast,라라 랜드 OST,국외영화
201817,80,The Greatest Show,Hugh Jackman,위대한 쇼맨 (The Greatest Showman) OST,국외영화
201817,89,서쪽 하늘,이승철,청연 OST,"발라드, 국내영화"
201817,90,No One Else Like You,Adam Levine,Begin Again - Music From And Inspired By The Original Motion Picture,"록/메탈, 국외영화"
201817,97,19금Lose Yourself,Eminem,8 마일 OST,"록/메탈, 랩/힙합, 국외영화"
201818,15,See You Again (폴 워커 추모 엔딩곡),Charlie Puth,분노의 질주: 더 세븐 OST,"랩/힙합, 국외영화"
201818,16,Lost Stars,Adam Levine,Begin Again - Music From And Inspired By The Original Motion Picture,"POP, 록/메탈, 국외영화"
201818,21,"City Of Stars (From ""La La Land"" Soundtrack)",Ryan Gosling,라라 랜드 OST,"POP, 국외영화"
201818,28,This Is Me,Keala Settle,위대한 쇼맨 (The Greatest Showman) OST,"POP, 국외영화"
201818,33,Strawberries & Cigarettes,Troye Sivan,"Love, Simon OST (영화 ‘러브 사이먼’ 오리지널 사운드트랙)","POP, 국외영화"
201818,50,Never Enough,Loren Allred,위대한 쇼맨 (The Greatest Showman) OST,"POP, 국외영화"
201818,59,How Long Will I Love You,Ellie Goulding,어바웃타임 OST,"록/메탈, 국외영화"
201818,62,Another Day Of Sun,La La Land Cast,라라 랜드 OST,국외영화
201818,64,Rewrite The Stars,Zac Efron,위대한 쇼맨 (The Greatest Showman) OST,"POP, 국외영화"
201818,77,The Greatest Show,Hugh Jackman,위대한 쇼맨 (The Greatest Showman) OST,국외영화
201818,80,No One Else Like You,Adam Levine,Begin Again - Music From And Inspired By The Original Motion Picture,"록/메탈, 국외영화"
201818,84,서쪽 하늘,이승철,청연 OST,"발라드, 국내영화"
201818,94,19금Lose Yourself,Eminem,8 마일 OST,"록/메탈, 랩/힙합, 국외영화"
201818,100,Falling Slowly,Glen Hansard & Marketa Irglova,원스 (Once) OST,국외영화
201819,15,See You Again (폴 워커 추모 엔딩곡),Charlie Puth,분노의 질주: 더 세븐 OST,"랩/힙합, 국외영화"
201819,17,Lost Stars,Adam Levine,Begin Again - Music From And Inspired By The Original Motion Picture,"POP, 록/메탈, 국외영화"
201819,20,"City Of Stars (From ""La La Land"" Soundtrack)",Ryan Gosling,라라 랜드 OST,"POP, 국외영화"
201819,29,This Is Me,Keala Settle,위대한 쇼맨 (The Greatest Showman) OST,"POP, 국외영화"
201819,34,Strawberries & Cigarettes,Troye Sivan,"Love, Simon OST (영화 ‘러브 사이먼’ 오리지널 사운드트랙)","POP, 국외영화"
201819,46,Never Enough,Loren Allred,위대한 쇼맨 (The Greatest Showman) OST,"POP, 국외영화"
201819,58,Rewrite The Stars,Zac Efron,위대한 쇼맨 (The Greatest Showman) OST,"POP, 국외영화"
201819,62,How Long Will I Love You,Ellie Goulding,어바웃타임 OST,"록/메탈, 국외영화"
201819,73,Another Day Of Sun,La La Land Cast,라라 랜드 OST,국외영화
201819,74,The Greatest Show,Hugh Jackman,위대한 쇼맨 (The Greatest Showman) OST,국외영화
201819,83,Falling Slowly,Glen Hansard & Marketa Irglova,원스 (Once) OST,국외영화
201819,90,No One Else Like You,Adam Levine,Begin Again - Music From And Inspired By The Original Motion Picture,"록/메탈, 국외영화"
201819,91,서쪽 하늘,이승철,청연 OST,"발라드, 국내영화"
201819,100,19금Lose Yourself,Eminem,8 마일 OST,"록/메탈, 랩/힙합, 국외영화"
201820,12,See You Again (폴 워커 추모 엔딩곡),Charlie Puth,분노의 질주: 더 세븐 OST,"랩/힙합, 국외영화"
201820,17,Lost Stars,Adam Levine,Begin Again - Music From And Inspired By The Original Motion Picture,"POP, 록/메탈, 국외영화"
201820,21,"City Of Stars (From ""La La Land"" Soundtrack)",Ryan Gosling,라라 랜드 OST,"POP, 국외영화"
201820,32,This Is Me,Keala Settle,위대한 쇼맨 (The Greatest Showman) OST,"POP, 국외영화"
201820,36,Strawberries & Cigarettes,Troye Sivan,"Love, Simon OST (영화 ‘러브 사이먼’ 오리지널 사운드트랙)","POP, 국외영화"
201820,55,Never Enough,Loren Allred,위대한 쇼맨 (The Greatest Showman) OST,"POP, 국외영화"
201820,65,How Long Will I Love You,Ellie Goulding,어바웃타임 OST,"록/메탈, 국외영화"
201820,67,Rewrite The Stars,Zac Efron,위대한 쇼맨 (The Greatest Showman) OST,"POP, 국외영화"
201820,79,Another Day Of Sun,La La Land Cast,라라 랜드 OST,국외영화
201820,82,The Greatest Show,Hugh Jackman,위대한 쇼맨 (The Greatest Showman) OST,국외영화
201820,83,서쪽 하늘,이승철,청연 OST,"발라드, 국내영화"
201820,87,Falling Slowly,Glen Hansard & Marketa Irglova,원스 (Once) OST,국외영화
201820,98,말리꽃,이승철,청연 OST,"발라드, 국내영화"
201820,99,No One Else Like You,Adam Levine,Begin Again - Music From And Inspired By The Original Motion Picture,"록/메탈, 국외영화"
201821,13,See You Again (폴 워커 추모 엔딩곡),Charlie Puth,분노의 질주: 더 세븐 OST,"랩/힙합, 국외영화"
201821,14,Lost Stars,Adam Levine,Begin Again - Music From And Inspired By The Original Motion Picture,"POP, 록/메탈, 국외영화"
201821,19,"City Of Stars (From ""La La Land"" Soundtrack)",Ryan Gosling,라라 랜드 OST,"POP, 국외영화"
201821,33,This Is Me,Keala Settle,위대한 쇼맨 (The Greatest Showman) OST,"POP, 국외영화"
201821,37,19금Welcome to the Party (Feat. Zhavia Ward),Diplo,데드풀 (Deadpool) 2 OST,"랩/힙합, 국외영화"
201821,40,Strawberries & Cigarettes,Troye Sivan,"Love, Simon OST (영화 ‘러브 사이먼’ 오리지널 사운드트랙)","POP, 국외영화"
201821,54,Never Enough,Loren Allred,위대한 쇼맨 (The Greatest Showman) OST,"POP, 국외영화"
201821,58,Ashes,Celine Dion,데드풀 (Deadpool) 2 OST,"POP, 국외영화"
201821,64,How Long Will I Love You,Ellie Goulding,어바웃타임 OST,"록/메탈, 국외영화"
201821,72,Rewrite The Stars,Zac Efron,위대한 쇼맨 (The Greatest Showman) OST,"POP, 국외영화"
201821,83,Another Day Of Sun,La La Land Cast,라라 랜드 OST,국외영화
201821,86,말리꽃,이승철,청연 OST,"발라드, 국내영화"
201821,89,서쪽 하늘,이승철,청연 OST,"발라드, 국내영화"
201821,91,The Greatest Show,Hugh Jackman,위대한 쇼맨 (The Greatest Showman) OST,국외영화
201822,11,See You Again (폴 워커 추모 엔딩곡),Charlie Puth,분노의 질주: 더 세븐 OST,"랩/힙합, 국외영화"
201822,13,Lost Stars,Adam Levine,Begin Again - Music From And Inspired By The Original Motion Picture,"POP, 록/메탈, 국외영화"
201822,18,"City Of Stars (From ""La La Land"" Soundtrack)",Ryan Gosling,라라 랜드 OST,"POP, 국외영화"
201822,29,19금Welcome to the Party (Feat. Zhavia Ward),Diplo,데드풀 (Deadpool) 2 OST,"랩/힙합, 국외영화"
201822,30,This Is Me,Keala Settle,위대한 쇼맨 (The Greatest Showman) OST,"POP, 국외영화"
201822,36,Strawberries & Cigarettes,Troye Sivan,"Love, Simon OST (영화 ‘러브 사이먼’ 오리지널 사운드트랙)","POP, 국외영화"
201822,56,Never Enough,Loren Allred,위대한 쇼맨 (The Greatest Showman) OST,"POP, 국외영화"
201822,66,How Long Will I Love You,Ellie Goulding,어바웃타임 OST,"록/메탈, 국외영화"
201822,73,Rewrite The Stars,Zac Efron,위대한 쇼맨 (The Greatest Showman) OST,"POP, 국외영화"
201822,75,Ashes,Celine Dion,데드풀 (Deadpool) 2 OST,"POP, 국외영화"
201822,88,Another Day Of Sun,La La Land Cast,라라 랜드 OST,국외영화
201822,92,말리꽃,이승철,청연 OST,"발라드, 국내영화"
201822,95,The Greatest Show,Hugh Jackman,위대한 쇼맨 (The Greatest Showman) OST,국외영화
201822,99,서쪽 하늘,이승철,청연 OST,"발라드, 국내영화"
201823,10,See You Again (폴 워커 추모 엔딩곡),Charlie Puth,분노의 질주: 더 세븐 OST,"랩/힙합, 국외영화"
201823,12,Lost Stars,Adam Levine,Begin Again - Music From And Inspired By The Original Motion Picture,"POP, 록/메탈, 국외영화"
201823,15,"City Of Stars (From ""La La Land"" Soundtrack)",Ryan Gosling,라라 랜드 OST,"POP, 국외영화"
201823,29,Strawberries & Cigarettes,Troye Sivan,"Love, Simon OST (영화 ‘러브 사이먼’ 오리지널 사운드트랙)","POP, 국외영화"
201823,32,19금Welcome to the Party (Feat. Zhavia Ward),Diplo,데드풀 (Deadpool) 2 OST,"랩/힙합, 국외영화"
201823,33,This Is Me,Keala Settle,위대한 쇼맨 (The Greatest Showman) OST,"POP, 국외영화"
201823,56,Never Enough,Loren Allred,위대한 쇼맨 (The Greatest Showman) OST,"POP, 국외영화"
201823,65,How Long Will I Love You,Ellie Goulding,어바웃타임 OST,"록/메탈, 국외영화"
201823,74,Rewrite The Stars,Zac Efron,위대한 쇼맨 (The Greatest Showman) OST,"POP, 국외영화"
201823,89,Another Day Of Sun,La La Land Cast,라라 랜드 OST,국외영화
201823,91,말리꽃,이승철,청연 OST,"발라드, 국내영화"
201823,93,Ashes,Celine Dion,데드풀 (Deadpool) 2 OST,"POP, 국외영화"
201823,98,The Greatest Show,Hugh Jackman,위대한 쇼맨 (The Greatest Showman) OST,국외영화
201824,10,See You Again (폴 워커 추모 엔딩곡),Charlie Puth,분노의 질주: 더 세븐 OST,"랩/힙합, 국외영화"
201824,11,Lost Stars,Adam Levine,Begin Again - Music From And Inspired By The Original Motion Picture,"POP, 록/메탈, 국외영화"
201824,17,"City Of Stars (From ""La La Land"" Soundtrack)",Ryan Gosling,라라 랜드 OST,"POP, 국외영화"
201824,26,Strawberries & Cigarettes,Troye Sivan,"Love, Simon OST (영화 ‘러브 사이먼’ 오리지널 사운드트랙)","POP, 국외영화"
201824,40,This Is Me,Keala Settle,위대한 쇼맨 (The Greatest Showman) OST,"POP, 국외영화"
201824,46,19금Welcome to the Party (Feat. Zhavia Ward),Diplo,데드풀 (Deadpool) 2 OST,"랩/힙합, 국외영화"
201824,61,Never Enough,Loren Allred,위대한 쇼맨 (The Greatest Showman) OST,"POP, 국외영화"
201824,65,How Long Will I Love You,Ellie Goulding,어바웃타임 OST,"록/메탈, 국외영화"
201824,81,Rewrite The Stars,Zac Efron,위대한 쇼맨 (The Greatest Showman) OST,"POP, 국외영화"
201824,93,Another Day Of Sun,La La Land Cast,라라 랜드 OST,국외영화
201824,96,말리꽃,이승철,청연 OST,"발라드, 국내영화"
201825,13,See You Again (폴 워커 추모 엔딩곡),Charlie Puth,분노의 질주: 더 세븐 OST,"랩/힙합, 국외영화"
201825,15,Lost Stars,Adam Levine,Begin Again - Music From And Inspired By The Original Motion Picture,"POP, 록/메탈, 국외영화"
201825,20,"City Of Stars (From ""La La Land"" Soundtrack)",Ryan Gosling,라라 랜드 OST,"POP, 국외영화"
201825,28,Strawberries & Cigarettes,Troye Sivan,"Love, Simon OST (영화 ‘러브 사이먼’ 오리지널 사운드트랙)","POP, 국외영화"
201825,44,This Is Me,Keala Settle,위대한 쇼맨 (The Greatest Showman) OST,"POP, 국외영화"
201825,50,19금Welcome to the Party (Feat. Zhavia Ward),Diplo,데드풀 (Deadpool) 2 OST,"랩/힙합, 국외영화"
201825,62,Never Enough,Loren Allred,위대한 쇼맨 (The Greatest Showman) OST,"POP, 국외영화"
201825,66,How Long Will I Love You,Ellie Goulding,어바웃타임 OST,"록/메탈, 국외영화"
201825,82,Rewrite The Stars,Zac Efron,위대한 쇼맨 (The Greatest Showman) OST,"POP, 국외영화"
201825,93,Another Day Of Sun,La La Land Cast,라라 랜드 OST,국외영화
201826,13,See You Again (폴 워커 추모 엔딩곡),Charlie Puth,분노의 질주: 더 세븐 OST,"랩/힙합, 국외영화"
201826,15,Lost Stars,Adam Levine,Begin Again - Music From And Inspired By The Original Motion Picture,"POP, 록/메탈, 국외영화"
201826,19,"City Of Stars (From ""La La Land"" Soundtrack)",Ryan Gosling,라라 랜드 OST,"POP, 국외영화"
201826,31,Strawberries & Cigarettes,Troye Sivan,"Love, Simon OST (영화 ‘러브 사이먼’ 오리지널 사운드트랙)","POP, 국외영화"
201826,50,This Is Me,Keala Settle,위대한 쇼맨 (The Greatest Showman) OST,"POP, 국외영화"
201826,55,19금Welcome to the Party (Feat. Zhavia Ward),Diplo,데드풀 (Deadpool) 2 OST,"랩/힙합, 국외영화"
201826,64,How Long Will I Love You,Ellie Goulding,어바웃타임 OST,"록/메탈, 국외영화"
201826,68,Never Enough,Loren Allred,위대한 쇼맨 (The Greatest Showman) OST,"POP, 국외영화"
201826,81,Rewrite The Stars,Zac Efron,위대한 쇼맨 (The Greatest Showman) OST,"POP, 국외영화"
201826,89,서쪽 하늘,이승철,청연 OST,"발라드, 국내영화"
201826,98,Another Day Of Sun,La La Land Cast,라라 랜드 OST,국외영화
201827,12,See You Again (폴 워커 추모 엔딩곡),Charlie Puth,분노의 질주: 더 세븐 OST,"랩/힙합, 국외영화"
201827,13,Lost Stars,Adam Levine,Begin Again - Music From And Inspired By The Original Motion Picture,"POP, 록/메탈, 국외영화"
201827,19,"City Of Stars (From ""La La Land"" Soundtrack)",Ryan Gosling,라라 랜드 OST,"POP, 국외영화"
201827,31,Strawberries & Cigarettes,Troye Sivan,"Love, Simon OST (영화 ‘러브 사이먼’ 오리지널 사운드트랙)","POP, 국외영화"
201827,51,This Is Me,Keala Settle,위대한 쇼맨 (The Greatest Showman) OST,"POP, 국외영화"
201827,52,How Long Will I Love You,Ellie Goulding,어바웃타임 OST,"록/메탈, 국외영화"
201827,58,19금Welcome to the Party (Feat. Zhavia Ward),Diplo,데드풀 (Deadpool) 2 OST,"랩/힙합, 국외영화"
201827,73,Never Enough,Loren Allred,위대한 쇼맨 (The Greatest Showman) OST,"POP, 국외영화"
201827,85,Rewrite The Stars,Zac Efron,위대한 쇼맨 (The Greatest Showman) OST,"POP, 국외영화"
201827,88,서쪽 하늘,이승철,청연 OST,"발라드, 국내영화"
201827,90,Another Day Of Sun,La La Land Cast,라라 랜드 OST,국외영화
201828,13,See You Again (폴 워커 추모 엔딩곡),Charlie Puth,분노의 질주: 더 세븐 OST,"랩/힙합, 국외영화"
201828,15,Lost Stars,Adam Levine,Begin Again - Music From And Inspired By The Original Motion Picture,"POP, 록/메탈, 국외영화"
201828,20,"City Of Stars (From ""La La Land"" Soundtrack)",Ryan Gosling,라라 랜드 OST,"POP, 국외영화"
201828,34,Strawberries & Cigarettes,Troye Sivan,"Love, Simon OST (영화 ‘러브 사이먼’ 오리지널 사운드트랙)","POP, 국외영화"
201828,52,This Is Me,Keala Settle,위대한 쇼맨 (The Greatest Showman) OST,"POP, 국외영화"
201828,56,How Long Will I Love You,Ellie Goulding,어바웃타임 OST,"록/메탈, 국외영화"
201828,60,19금Welcome to the Party (Feat. Zhavia Ward),Diplo,데드풀 (Deadpool) 2 OST,"랩/힙합, 국외영화"
201828,72,Never Enough,Loren Allred,위대한 쇼맨 (The Greatest Showman) OST,"POP, 국외영화"
201828,80,Rewrite The Stars,Zac Efron,위대한 쇼맨 (The Greatest Showman) OST,"POP, 국외영화"
201828,82,Another Day Of Sun,La La Land Cast,라라 랜드 OST,국외영화
201828,85,서쪽 하늘,이승철,청연 OST,"발라드, 국내영화"
201829,13,See You Again (폴 워커 추모 엔딩곡),Charlie Puth,분노의 질주: 더 세븐 OST,"랩/힙합, 국외영화"
201829,15,Lost Stars,Adam Levine,Begin Again - Music From And Inspired By The Original Motion Picture,"POP, 록/메탈, 국외영화"
201829,18,"City Of Stars (From ""La La Land"" Soundtrack)",Ryan Gosling,라라 랜드 OST,"POP, 국외영화"
201829,36,Strawberries & Cigarettes,Troye Sivan,"Love, Simon OST (영화 ‘러브 사이먼’ 오리지널 사운드트랙)","POP, 국외영화"
201829,45,This Is Me,Keala Settle,위대한 쇼맨 (The Greatest Showman) OST,"POP, 국외영화"
201829,56,How Long Will I Love You,Ellie Goulding,어바웃타임 OST,"록/메탈, 국외영화"
201829,65,19금Welcome to the Party (Feat. Zhavia Ward),Diplo,데드풀 (Deadpool) 2 OST,"랩/힙합, 국외영화"
201829,66,Never Enough,Loren Allred,위대한 쇼맨 (The Greatest Showman) OST,"POP, 국외영화"
201829,78,Rewrite The Stars,Zac Efron,위대한 쇼맨 (The Greatest Showman) OST,"POP, 국외영화"
201829,80,Another Day Of Sun,La La Land Cast,라라 랜드 OST,국외영화
201829,97,서쪽 하늘,이승철,청연 OST,"발라드, 국내영화"
201830,10,See You Again (폴 워커 추모 엔딩곡),Charlie Puth,분노의 질주: 더 세븐 OST,"랩/힙합, 국외영화"
201830,12,Lost Stars,Adam Levine,Begin Again - Music From And Inspired By The Original Motion Picture,"POP, 록/메탈, 국외영화"
201830,18,"City Of Stars (From ""La La Land"" Soundtrack)",Ryan Gosling,라라 랜드 OST,"POP, 국외영화"
201830,31,Strawberries & Cigarettes,Troye Sivan,"Love, Simon OST (영화 ‘러브 사이먼’ 오리지널 사운드트랙)","POP, 국외영화"
201830,39,This Is Me,Keala Settle,위대한 쇼맨 (The Greatest Showman) OST,"POP, 국외영화"
201830,57,How Long Will I Love You,Ellie Goulding,어바웃타임 OST,"록/메탈, 국외영화"
201830,67,Never Enough,Loren Allred,위대한 쇼맨 (The Greatest Showman) OST,"POP, 국외영화"
201830,68,19금Welcome to the Party (Feat. Zhavia Ward),Diplo,데드풀 (Deadpool) 2 OST,"랩/힙합, 국외영화"
201830,77,Rewrite The Stars,Zac Efron,위대한 쇼맨 (The Greatest Showman) OST,"POP, 국외영화"
201830,81,Another Day Of Sun,La La Land Cast,라라 랜드 OST,국외영화
201831,11,See You Again (폴 워커 추모 엔딩곡),Charlie Puth,분노의 질주: 더 세븐 OST,"랩/힙합, 국외영화"
201831,13,Lost Stars,Adam Levine,Begin Again - Music From And Inspired By The Original Motion Picture,"POP, 록/메탈, 국외영화"
201831,19,"City Of Stars (From ""La La Land"" Soundtrack)",Ryan Gosling,라라 랜드 OST,"POP, 국외영화"
201831,32,Strawberries & Cigarettes,Troye Sivan,"Love, Simon OST (영화 ‘러브 사이먼’ 오리지널 사운드트랙)","POP, 국외영화"
201831,40,This Is Me,Keala Settle,위대한 쇼맨 (The Greatest Showman) OST,"POP, 국외영화"
201831,60,How Long Will I Love You,Ellie Goulding,어바웃타임 OST,"록/메탈, 국외영화"
201831,71,Never Enough,Loren Allred,위대한 쇼맨 (The Greatest Showman) OST,"POP, 국외영화"
201831,73,19금Welcome to the Party (Feat. Zhavia Ward),Diplo,데드풀 (Deadpool) 2 OST,"랩/힙합, 국외영화"
201831,80,Rewrite The Stars,Zac Efron,위대한 쇼맨 (The Greatest Showman) OST,"POP, 국외영화"
201831,83,Another Day Of Sun,La La Land Cast,라라 랜드 OST,국외영화
201831,96,말리꽃,이승철,청연 OST,"발라드, 국내영화"
201832,13,See You Again (폴 워커 추모 엔딩곡),Charlie Puth,분노의 질주: 더 세븐 OST,"랩/힙합, 국외영화"
201832,15,Lost Stars,Adam Levine,Begin Again - Music From And Inspired By The Original Motion Picture,"POP, 록/메탈, 국외영화"
201832,19,"City Of Stars (From ""La La Land"" Soundtrack)",Ryan Gosling,라라 랜드 OST,"POP, 국외영화"
201832,37,Strawberries & Cigarettes,Troye Sivan,"Love, Simon OST (영화 ‘러브 사이먼’ 오리지널 사운드트랙)","POP, 국외영화"
201832,48,This Is Me,Keala Settle,위대한 쇼맨 (The Greatest Showman) OST,"POP, 국외영화"
201832,66,How Long Will I Love You,Ellie Goulding,어바웃타임 OST,"록/메탈, 국외영화"
201832,79,Never Enough,Loren Allred,위대한 쇼맨 (The Greatest Showman) OST,"POP, 국외영화"
201832,84,19금Welcome to the Party (Feat. Zhavia Ward),Diplo,데드풀 (Deadpool) 2 OST,"랩/힙합, 국외영화"
201832,90,말리꽃,이승철,청연 OST,"발라드, 국내영화"
201832,92,Rewrite The Stars,Zac Efron,위대한 쇼맨 (The Greatest Showman) OST,"POP, 국외영화"
201832,94,Another Day Of Sun,La La Land Cast,라라 랜드 OST,국외영화
201833,14,See You Again (폴 워커 추모 엔딩곡),Charlie Puth,분노의 질주: 더 세븐 OST,"랩/힙합, 국외영화"
201833,15,Lost Stars,Adam Levine,Begin Again - Music From And Inspired By The Original Motion Picture,"POP, 록/메탈, 국외영화"
201833,21,"City Of Stars (From ""La La Land"" Soundtrack)",Ryan Gosling,라라 랜드 OST,"POP, 국외영화"
201833,39,Mamma Mia,Alexa Davies,영화 맘마미아!2 OST (Mamma Mia! Here We Go Again OST),"POP, 국외영화"
201833,44,Strawberries & Cigarettes,Troye Sivan,"Love, Simon OST (영화 ‘러브 사이먼’ 오리지널 사운드트랙)","POP, 국외영화"
201833,46,"Andante, Andante",Lily James,영화 맘마미아!2 OST (Mamma Mia! Here We Go Again OST),"POP, 국외영화"
201833,55,Dancing Queen,Colin Firth,영화 맘마미아!2 OST (Mamma Mia! Here We Go Again OST),"POP, 국외영화"
201833,59,This Is Me,Keala Settle,위대한 쇼맨 (The Greatest Showman) OST,"POP, 국외영화"
201833,67,When I Kissed The Teacher,Lily James,영화 맘마미아!2 OST (Mamma Mia! Here We Go Again OST),"POP, 국외영화"
201833,77,How Long Will I Love You,Ellie Goulding,어바웃타임 OST,"록/메탈, 국외영화"
201833,78,Waterloo,Hugh Skinner,영화 맘마미아!2 OST (Mamma Mia! Here We Go Again OST),"POP, 국외영화"
201833,83,Super Trouper,Alexa Davies,영화 맘마미아!2 OST (Mamma Mia! Here We Go Again OST),"POP, 국외영화"
201833,84,"My Love, My Life",Amanda Seyfried,영화 맘마미아!2 OST (Mamma Mia! Here We Go Again OST),"POP, 국외영화"
201833,94,내 얘기 좀 들어봐,박보영,영화 너의결혼식 OST Part.1,"포크/블루스, 국내영화"
201833,95,One Of Us,Dominic Cooper,영화 맘마미아!2 OST (Mamma Mia! Here We Go Again OST),"POP, 국외영화"
201833,96,Never Enough,Loren Allred,위대한 쇼맨 (The Greatest Showman) OST,"POP, 국외영화"
201833,98,I Have A Dream,Lily James,영화 맘마미아!2 OST (Mamma Mia! Here We Go Again OST),"POP, 국외영화"
201834,16,Lost Stars,Adam Levine,Begin Again - Music From And Inspired By The Original Motion Picture,"POP, 록/메탈, 국외영화"
201834,17,See You Again (폴 워커 추모 엔딩곡),Charlie Puth,분노의 질주: 더 세븐 OST,"랩/힙합, 국외영화"
201834,26,"City Of Stars (From ""La La Land"" Soundtrack)",Ryan Gosling,라라 랜드 OST,"POP, 국외영화"
201834,43,Mamma Mia,Alexa Davies,영화 맘마미아!2 OST (Mamma Mia! Here We Go Again OST),"POP, 국외영화"
201834,46,"Andante, Andante",Lily James,영화 맘마미아!2 OST (Mamma Mia! Here We Go Again OST),"POP, 국외영화"
201834,55,Strawberries & Cigarettes,Troye Sivan,"Love, Simon OST (영화 ‘러브 사이먼’ 오리지널 사운드트랙)","POP, 국외영화"
201834,58,Dancing Queen,Colin Firth,영화 맘마미아!2 OST (Mamma Mia! Here We Go Again OST),"POP, 국외영화"
201834,66,This Is Me,Keala Settle,위대한 쇼맨 (The Greatest Showman) OST,"POP, 국외영화"
201834,68,How Long Will I Love You,Ellie Goulding,어바웃타임 OST,"록/메탈, 국외영화"
201834,72,When I Kissed The Teacher,Lily James,영화 맘마미아!2 OST (Mamma Mia! Here We Go Again OST),"POP, 국외영화"
201834,84,Waterloo,Hugh Skinner,영화 맘마미아!2 OST (Mamma Mia! Here We Go Again OST),"POP, 국외영화"
201834,95,Super Trouper,Alexa Davies,영화 맘마미아!2 OST (Mamma Mia! Here We Go Again OST),"POP, 국외영화"
201834,96,"My Love, My Life",Amanda Seyfried,영화 맘마미아!2 OST (Mamma Mia! Here We Go Again OST),"POP, 국외영화"
201834,99,One Of Us,Dominic Cooper,영화 맘마미아!2 OST (Mamma Mia! Here We Go Again OST),"POP, 국외영화"
201835,16,Lost Stars,Adam Levine,Begin Again - Music From And Inspired By The Original Motion Picture,"POP, 록/메탈, 국외영화"
201835,19,See You Again (폴 워커 추모 엔딩곡),Charlie Puth,분노의 질주: 더 세븐 OST,"랩/힙합, 국외영화"
201835,24,"City Of Stars (From ""La La Land"" Soundtrack)",Ryan Gosling,라라 랜드 OST,"POP, 국외영화"
201835,56,Strawberries & Cigarettes,Troye Sivan,"Love, Simon OST (영화 ‘러브 사이먼’ 오리지널 사운드트랙)","POP, 국외영화"
201835,59,"Andante, Andante",Lily James,영화 맘마미아!2 OST (Mamma Mia! Here We Go Again OST),"POP, 국외영화"
201835,61,Mamma Mia,Alexa Davies,영화 맘마미아!2 OST (Mamma Mia! Here We Go Again OST),"POP, 국외영화"
201835,65,How Long Will I Love You,Ellie Goulding,어바웃타임 OST,"록/메탈, 국외영화"
201835,67,내 얘기 좀 들어봐,박보영,영화 너의결혼식 OST Part.1,"포크/블루스, 국내영화"
201835,68,This Is Me,Keala Settle,위대한 쇼맨 (The Greatest Showman) OST,"POP, 국외영화"
201835,79,Dancing Queen,Colin Firth,영화 맘마미아!2 OST (Mamma Mia! Here We Go Again OST),"POP, 국외영화"
201835,89,When I Kissed The Teacher,Lily James,영화 맘마미아!2 OST (Mamma Mia! Here We Go Again OST),"POP, 국외영화"
201835,99,Waterloo,Hugh Skinner,영화 맘마미아!2 OST (Mamma Mia! Here We Go Again OST),"POP, 국외영화"
201836,10,Lost Stars,Adam Levine,Begin Again - Music From And Inspired By The Original Motion Picture,"POP, 록/메탈, 국외영화"
201836,20,See You Again (폴 워커 추모 엔딩곡),Charlie Puth,분노의 질주: 더 세븐 OST,"랩/힙합, 국외영화"
201836,26,"City Of Stars (From ""La La Land"" Soundtrack)",Ryan Gosling,라라 랜드 OST,"POP, 국외영화"
201836,47,Strawberries & Cigarettes,Troye Sivan,"Love, Simon OST (영화 ‘러브 사이먼’ 오리지널 사운드트랙)","POP, 국외영화"
201836,56,How Long Will I Love You,Ellie Goulding,어바웃타임 OST,"록/메탈, 국외영화"
201836,62,내 얘기 좀 들어봐,박보영,영화 너의결혼식 OST Part.1,"포크/블루스, 국내영화"
201836,67,This Is Me,Keala Settle,위대한 쇼맨 (The Greatest Showman) OST,"POP, 국외영화"
201836,72,"Andante, Andante",Lily James,영화 맘마미아!2 OST (Mamma Mia! Here We Go Again OST),"POP, 국외영화"
201836,82,Falling Slowly,Glen Hansard & Marketa Irglova,원스 (Once) OST,국외영화
201836,83,Mamma Mia,Alexa Davies,영화 맘마미아!2 OST (Mamma Mia! Here We Go Again OST),"POP, 국외영화"
201836,96,Dancing Queen,Colin Firth,영화 맘마미아!2 OST (Mamma Mia! Here We Go Again OST),"POP, 국외영화"
201836,98,Never Enough,Loren Allred,위대한 쇼맨 (The Greatest Showman) OST,"POP, 국외영화"
201836,100,When I Kissed The Teacher,Lily James,영화 맘마미아!2 OST (Mamma Mia! Here We Go Again OST),"POP, 국외영화"
201837,10,Lost Stars,Adam Levine,Begin Again - Music From And Inspired By The Original Motion Picture,"POP, 록/메탈, 국외영화"
201837,21,See You Again (폴 워커 추모 엔딩곡),Charlie Puth,분노의 질주: 더 세븐 OST,"랩/힙합, 국외영화"
201837,28,"City Of Stars (From ""La La Land"" Soundtrack)",Ryan Gosling,라라 랜드 OST,"POP, 국외영화"
201837,50,Strawberries & Cigarettes,Troye Sivan,"Love, Simon OST (영화 ‘러브 사이먼’ 오리지널 사운드트랙)","POP, 국외영화"
201837,53,How Long Will I Love You,Ellie Goulding,어바웃타임 OST,"록/메탈, 국외영화"
201837,70,This Is Me,Keala Settle,위대한 쇼맨 (The Greatest Showman) OST,"POP, 국외영화"
201837,76,내 얘기 좀 들어봐,박보영,영화 너의결혼식 OST Part.1,"포크/블루스, 국내영화"
201837,84,Falling Slowly,Glen Hansard & Marketa Irglova,원스 (Once) OST,국외영화
201837,96,희재,성시경,국화꽃 향기 OST,"발라드, 국내영화"
201837,97,"Andante, Andante",Lily James,영화 맘마미아!2 OST (Mamma Mia! Here We Go Again OST),"POP, 국외영화"
201837,99,Never Enough,Loren Allred,위대한 쇼맨 (The Greatest Showman) OST,"POP, 국외영화"
201838,14,Lost Stars,Adam Levine,Begin Again - Music From And Inspired By The Original Motion Picture,"POP, 록/메탈, 국외영화"
201838,22,See You Again (폴 워커 추모 엔딩곡),Charlie Puth,분노의 질주: 더 세븐 OST,"랩/힙합, 국외영화"
201838,32,"City Of Stars (From ""La La Land"" Soundtrack)",Ryan Gosling,라라 랜드 OST,"POP, 국외영화"
201838,49,Strawberries & Cigarettes,Troye Sivan,"Love, Simon OST (영화 ‘러브 사이먼’ 오리지널 사운드트랙)","POP, 국외영화"
201838,61,How Long Will I Love You,Ellie Goulding,어바웃타임 OST,"록/메탈, 국외영화"
201838,70,희재,성시경,국화꽃 향기 OST,"발라드, 국내영화"
201838,71,This Is Me,Keala Settle,위대한 쇼맨 (The Greatest Showman) OST,"POP, 국외영화"
201838,96,Falling Slowly,Glen Hansard & Marketa Irglova,원스 (Once) OST,국외영화
201838,97,내 얘기 좀 들어봐,박보영,영화 너의결혼식 OST Part.1,"포크/블루스, 국내영화"
201839,13,Lost Stars,Adam Levine,Begin Again - Music From And Inspired By The Original Motion Picture,"POP, 록/메탈, 국외영화"
201839,22,See You Again (폴 워커 추모 엔딩곡),Charlie Puth,분노의 질주: 더 세븐 OST,"랩/힙합, 국외영화"
201839,27,"City Of Stars (From ""La La Land"" Soundtrack)",Ryan Gosling,라라 랜드 OST,"POP, 국외영화"
201839,45,Strawberries & Cigarettes,Troye Sivan,"Love, Simon OST (영화 ‘러브 사이먼’ 오리지널 사운드트랙)","POP, 국외영화"
201839,58,How Long Will I Love You,Ellie Goulding,어바웃타임 OST,"록/메탈, 국외영화"
201839,69,This Is Me,Keala Settle,위대한 쇼맨 (The Greatest Showman) OST,"POP, 국외영화"
201839,76,희재,성시경,국화꽃 향기 OST,"발라드, 국내영화"
201839,95,Another Day Of Sun,La La Land Cast,라라 랜드 OST,국외영화
201839,98,Falling Slowly,Glen Hansard & Marketa Irglova,원스 (Once) OST,국외영화
201840,16,Lost Stars,Adam Levine,Begin Again - Music From And Inspired By The Original Motion Picture,"POP, 록/메탈, 국외영화"
201840,23,See You Again (폴 워커 추모 엔딩곡),Charlie Puth,분노의 질주: 더 세븐 OST,"랩/힙합, 국외영화"
201840,30,"City Of Stars (From ""La La Land"" Soundtrack)",Ryan Gosling,라라 랜드 OST,"POP, 국외영화"
201840,50,Strawberries & Cigarettes,Troye Sivan,"Love, Simon OST (영화 ‘러브 사이먼’ 오리지널 사운드트랙)","POP, 국외영화"
201840,62,How Long Will I Love You,Ellie Goulding,어바웃타임 OST,"록/메탈, 국외영화"
201840,74,희재,성시경,국화꽃 향기 OST,"발라드, 국내영화"
201840,75,This Is Me,Keala Settle,위대한 쇼맨 (The Greatest Showman) OST,"POP, 국외영화"
201840,94,Falling Slowly,Glen Hansard & Marketa Irglova,원스 (Once) OST,국외영화
201840,98,Another Day Of Sun,La La Land Cast,라라 랜드 OST,국외영화
201841,14,Lost Stars,Adam Levine,Begin Again - Music From And Inspired By The Original Motion Picture,"POP, 록/메탈, 국외영화"
201841,24,See You Again (폴 워커 추모 엔딩곡),Charlie Puth,분노의 질주: 더 세븐 OST,"랩/힙합, 국외영화"
201841,30,"City Of Stars (From ""La La Land"" Soundtrack)",Ryan Gosling,라라 랜드 OST,"POP, 국외영화"
201841,51,Strawberries & Cigarettes,Troye Sivan,"Love, Simon OST (영화 ‘러브 사이먼’ 오리지널 사운드트랙)","POP, 국외영화"
201841,55,How Long Will I Love You,Ellie Goulding,어바웃타임 OST,"록/메탈, 국외영화"
201841,69,This Is Me,Keala Settle,위대한 쇼맨 (The Greatest Showman) OST,"POP, 국외영화"
201841,81,희재,성시경,국화꽃 향기 OST,"발라드, 국내영화"
201841,88,Falling Slowly,Glen Hansard & Marketa Irglova,원스 (Once) OST,국외영화
201841,96,Never Enough,Loren Allred,위대한 쇼맨 (The Greatest Showman) OST,"POP, 국외영화"
201842,18,Lost Stars,Adam Levine,Begin Again - Music From And Inspired By The Original Motion Picture,"POP, 록/메탈, 국외영화"
201842,23,See You Again (폴 워커 추모 엔딩곡),Charlie Puth,분노의 질주: 더 세븐 OST,"랩/힙합, 국외영화"
201842,27,"City Of Stars (From ""La La Land"" Soundtrack)",Ryan Gosling,라라 랜드 OST,"POP, 국외영화"
201842,34,Shallow,Lady GaGa,A Star Is Born Soundtrack,"POP, 국외영화"
201842,54,I`ll Never Love Again (Film Version),Lady GaGa,A Star Is Born Soundtrack,"POP, 국외영화"
201842,55,How Long Will I Love You,Ellie Goulding,어바웃타임 OST,"록/메탈, 국외영화"
201842,56,Strawberries & Cigarettes,Troye Sivan,"Love, Simon OST (영화 ‘러브 사이먼’ 오리지널 사운드트랙)","POP, 국외영화"
201842,70,This Is Me,Keala Settle,위대한 쇼맨 (The Greatest Showman) OST,"POP, 국외영화"
201842,85,Always Remember Us This Way,Lady GaGa,A Star Is Born Soundtrack,"POP, 국외영화"
201842,86,희재,성시경,국화꽃 향기 OST,"발라드, 국내영화"
201842,91,Falling Slowly,Glen Hansard & Marketa Irglova,원스 (Once) OST,국외영화
201842,97,Never Enough,Loren Allred,위대한 쇼맨 (The Greatest Showman) OST,"POP, 국외영화"
201843,15,Lost Stars,Adam Levine,Begin Again - Music From And Inspired By The Original Motion Picture,"POP, 록/메탈, 국외영화"
201843,21,Shallow,Lady GaGa,A Star Is Born Soundtrack,"POP, 국외영화"
201843,22,See You Again (폴 워커 추모 엔딩곡),Charlie Puth,분노의 질주: 더 세븐 OST,"랩/힙합, 국외영화"
201843,25,"City Of Stars (From ""La La Land"" Soundtrack)",Ryan Gosling,라라 랜드 OST,"POP, 국외영화"
201843,41,I`ll Never Love Again (Film Version),Lady GaGa,A Star Is Born Soundtrack,"POP, 국외영화"
201843,53,How Long Will I Love You,Ellie Goulding,어바웃타임 OST,"록/메탈, 국외영화"
201843,54,Strawberries & Cigarettes,Troye Sivan,"Love, Simon OST (영화 ‘러브 사이먼’ 오리지널 사운드트랙)","POP, 국외영화"
201843,61,Always Remember Us This Way,Lady GaGa,A Star Is Born Soundtrack,"POP, 국외영화"
201843,67,This Is Me,Keala Settle,위대한 쇼맨 (The Greatest Showman) OST,"POP, 국외영화"
201843,73,희재,성시경,국화꽃 향기 OST,"발라드, 국내영화"
201843,78,Falling Slowly,Glen Hansard & Marketa Irglova,원스 (Once) OST,국외영화
201843,96,Never Enough,Loren Allred,위대한 쇼맨 (The Greatest Showman) OST,"POP, 국외영화"
201844,15,Lost Stars,Adam Levine,Begin Again - Music From And Inspired By The Original Motion Picture,"POP, 록/메탈, 국외영화"
201844,18,Shallow,Lady GaGa,A Star Is Born Soundtrack,"POP, 국외영화"
201844,22,See You Again (폴 워커 추모 엔딩곡),Charlie Puth,분노의 질주: 더 세븐 OST,"랩/힙합, 국외영화"
201844,24,"City Of Stars (From ""La La Land"" Soundtrack)",Ryan Gosling,라라 랜드 OST,"POP, 국외영화"
201844,33,I`ll Never Love Again (Film Version),Lady GaGa,A Star Is Born Soundtrack,"POP, 국외영화"
201844,43,How Long Will I Love You,Ellie Goulding,어바웃타임 OST,"록/메탈, 국외영화"
201844,49,Always Remember Us This Way,Lady GaGa,A Star Is Born Soundtrack,"POP, 국외영화"
201844,53,Strawberries & Cigarettes,Troye Sivan,"Love, Simon OST (영화 ‘러브 사이먼’ 오리지널 사운드트랙)","POP, 국외영화"
201844,58,희재,성시경,국화꽃 향기 OST,"발라드, 국내영화"
201844,64,Falling Slowly,Glen Hansard & Marketa Irglova,원스 (Once) OST,국외영화
201844,65,This Is Me,Keala Settle,위대한 쇼맨 (The Greatest Showman) OST,"POP, 국외영화"
201844,78,Never Enough,Loren Allred,위대한 쇼맨 (The Greatest Showman) OST,"POP, 국외영화"
201844,99,I`ll Never Love Again (Extended Version),Lady GaGa,A Star Is Born Soundtrack,"POP, 국외영화"
201845,14,Lost Stars,Adam Levine,Begin Again - Music From And Inspired By The Original Motion Picture,"POP, 록/메탈, 국외영화"
201845,17,See You Again (폴 워커 추모 엔딩곡),Charlie Puth,분노의 질주: 더 세븐 OST,"랩/힙합, 국외영화"
201845,22,Shallow,Lady GaGa,A Star Is Born Soundtrack,"POP, 국외영화"
201845,26,"City Of Stars (From ""La La Land"" Soundtrack)",Ryan Gosling,라라 랜드 OST,"POP, 국외영화"
201845,36,I`ll Never Love Again (Film Version),Lady GaGa,A Star Is Born Soundtrack,"POP, 국외영화"
201845,42,Bohemian Rhapsody,Queen,영화 보헤미안 랩소디 OST (Bohemian Rhapsody?OST),"록/메탈, 국외영화"
201845,48,Radio Ga Ga (Remastered),Queen,T2 Trainspotting (Original Motion Picture Soundtrack),국외영화
201845,52,How Long Will I Love You,Ellie Goulding,어바웃타임 OST,"록/메탈, 국외영화"
201845,53,Strawberries & Cigarettes,Troye Sivan,"Love, Simon OST (영화 ‘러브 사이먼’ 오리지널 사운드트랙)","POP, 국외영화"
201845,57,Always Remember Us This Way,Lady GaGa,A Star Is Born Soundtrack,"POP, 국외영화"
201845,61,Falling Slowly,Glen Hansard & Marketa Irglova,원스 (Once) OST,국외영화
201845,62,희재,성시경,국화꽃 향기 OST,"발라드, 국내영화"
201845,71,Love Of My Life?(Live At Rock In Rio),Queen,영화 보헤미안 랩소디 OST (Bohemian Rhapsody?OST),"POP, 국외영화"
201845,72,Bohemian Rhapsody?(Live Aid),Queen,영화 보헤미안 랩소디 OST (Bohemian Rhapsody?OST),"록/메탈, 국외영화"
201845,74,This Is Me,Keala Settle,위대한 쇼맨 (The Greatest Showman) OST,"POP, 국외영화"
201845,78,Somebody To Love,Queen,영화 보헤미안 랩소디 OST (Bohemian Rhapsody?OST),"록/메탈, 국외영화"
201845,89,We Will Rock You?(Movie Mix),Queen,영화 보헤미안 랩소디 OST (Bohemian Rhapsody?OST),"록/메탈, 국외영화"
201845,95,Never Enough,Loren Allred,위대한 쇼맨 (The Greatest Showman) OST,"POP, 국외영화"
201845,100,Radio Ga Ga?(Live Aid),Queen,영화 보헤미안 랩소디 OST (Bohemian Rhapsody?OST),"록/메탈, 국외영화"
201846,15,Lost Stars,Adam Levine,Begin Again - Music From And Inspired By The Original Motion Picture,"POP, 록/메탈, 국외영화"
201846,20,See You Again (폴 워커 추모 엔딩곡),Charlie Puth,분노의 질주: 더 세븐 OST,"랩/힙합, 국외영화"
201846,22,Shallow,Lady GaGa,A Star Is Born Soundtrack,"POP, 국외영화"
201846,23,Bohemian Rhapsody,Queen,영화 보헤미안 랩소디 OST (Bohemian Rhapsody?OST),"록/메탈, 국외영화"
201846,29,"City Of Stars (From ""La La Land"" Soundtrack)",Ryan Gosling,라라 랜드 OST,"POP, 국외영화"
201846,33,Bohemian Rhapsody?(Live Aid),Queen,영화 보헤미안 랩소디 OST (Bohemian Rhapsody?OST),"록/메탈, 국외영화"
201846,34,Love Of My Life?(Live At Rock In Rio),Queen,영화 보헤미안 랩소디 OST (Bohemian Rhapsody?OST),"POP, 국외영화"
201846,39,I`ll Never Love Again (Film Version),Lady GaGa,A Star Is Born Soundtrack,"POP, 국외영화"
201846,40,Somebody To Love,Queen,영화 보헤미안 랩소디 OST (Bohemian Rhapsody?OST),"록/메탈, 국외영화"
201846,43,Radio Ga Ga?(Live Aid),Queen,영화 보헤미안 랩소디 OST (Bohemian Rhapsody?OST),"록/메탈, 국외영화"
201846,47,We Will Rock You?(Movie Mix),Queen,영화 보헤미안 랩소디 OST (Bohemian Rhapsody?OST),"록/메탈, 국외영화"
201846,55,Killer Queen,Queen,영화 보헤미안 랩소디 OST (Bohemian Rhapsody?OST),"록/메탈, 국외영화"
201846,57,We Are The Champions?(Live Aid),Queen,영화 보헤미안 랩소디 OST (Bohemian Rhapsody?OST),"록/메탈, 국외영화"
201846,60,Always Remember Us This Way,Lady GaGa,A Star Is Born Soundtrack,"POP, 국외영화"
201846,62,How Long Will I Love You,Ellie Goulding,어바웃타임 OST,"록/메탈, 국외영화"
201846,63,Strawberries & Cigarettes,Troye Sivan,"Love, Simon OST (영화 ‘러브 사이먼’ 오리지널 사운드트랙)","POP, 국외영화"
201846,64,19금Don`t Stop Me Now?(...Revisited),Queen,영화 보헤미안 랩소디 OST (Bohemian Rhapsody?OST),"록/메탈, 국외영화"
201846,66,Ay-Oh?(Live Aid),Queen,영화 보헤미안 랩소디 OST (Bohemian Rhapsody?OST),국외영화
201846,70,Another One Bites The Dust,Queen,영화 보헤미안 랩소디 OST (Bohemian Rhapsody?OST),"록/메탈, 국외영화"
201846,74,This Is Me,Keala Settle,위대한 쇼맨 (The Greatest Showman) OST,"POP, 국외영화"
201846,75,희재,성시경,국화꽃 향기 OST,"발라드, 국내영화"
201846,80,Falling Slowly,Glen Hansard & Marketa Irglova,원스 (Once) OST,국외영화
201846,81,Radio Ga Ga (Remastered),Queen,T2 Trainspotting (Original Motion Picture Soundtrack),국외영화
201846,87,Keep Yourself Alive?(Live At The Rainbow),Queen,영화 보헤미안 랩소디 OST (Bohemian Rhapsody?OST),"록/메탈, 국외영화"
201846,89,Doing All Right?(...Revisited),Queen,영화 보헤미안 랩소디 OST (Bohemian Rhapsody?OST),"록/메탈, 국외영화"
201846,90,I Want To Break Free,Queen,영화 보헤미안 랩소디 OST (Bohemian Rhapsody?OST),"록/메탈, 국외영화"
201846,94,Under Pressure?(feat. David Bowie)?(Remastered),Queen,영화 보헤미안 랩소디 OST (Bohemian Rhapsody?OST),"록/메탈, 국외영화"
201846,99,Hammer To Fall?(Live Aid),Queen,영화 보헤미안 랩소디 OST (Bohemian Rhapsody?OST),"록/메탈, 국외영화"
201847,16,Bohemian Rhapsody,Queen,영화 보헤미안 랩소디 OST (Bohemian Rhapsody?OST),"록/메탈, 국외영화"
201847,17,Lost Stars,Adam Levine,Begin Again - Music From And Inspired By The Original Motion Picture,"POP, 록/메탈, 국외영화"
201847,21,See You Again (폴 워커 추모 엔딩곡),Charlie Puth,분노의 질주: 더 세븐 OST,"랩/힙합, 국외영화"
201847,22,Shallow,Lady GaGa,A Star Is Born Soundtrack,"POP, 국외영화"
201847,24,Bohemian Rhapsody?(Live Aid),Queen,영화 보헤미안 랩소디 OST (Bohemian Rhapsody?OST),"록/메탈, 국외영화"
201847,26,Love Of My Life?(Live At Rock In Rio),Queen,영화 보헤미안 랩소디 OST (Bohemian Rhapsody?OST),"POP, 국외영화"
201847,30,"City Of Stars (From ""La La Land"" Soundtrack)",Ryan Gosling,라라 랜드 OST,"POP, 국외영화"
201847,32,Radio Ga Ga?(Live Aid),Queen,영화 보헤미안 랩소디 OST (Bohemian Rhapsody?OST),"록/메탈, 국외영화"
201847,33,Somebody To Love,Queen,영화 보헤미안 랩소디 OST (Bohemian Rhapsody?OST),"록/메탈, 국외영화"
201847,36,We Will Rock You?(Movie Mix),Queen,영화 보헤미안 랩소디 OST (Bohemian Rhapsody?OST),"록/메탈, 국외영화"
201847,37,I`ll Never Love Again (Film Version),Lady GaGa,A Star Is Born Soundtrack,"POP, 국외영화"
201847,42,Killer Queen,Queen,영화 보헤미안 랩소디 OST (Bohemian Rhapsody?OST),"록/메탈, 국외영화"
201847,43,We Are The Champions?(Live Aid),Queen,영화 보헤미안 랩소디 OST (Bohemian Rhapsody?OST),"록/메탈, 국외영화"
201847,45,Ay-Oh?(Live Aid),Queen,영화 보헤미안 랩소디 OST (Bohemian Rhapsody?OST),국외영화
201847,48,19금Don`t Stop Me Now?(...Revisited),Queen,영화 보헤미안 랩소디 OST (Bohemian Rhapsody?OST),"록/메탈, 국외영화"
201847,51,Another One Bites The Dust,Queen,영화 보헤미안 랩소디 OST (Bohemian Rhapsody?OST),"록/메탈, 국외영화"
201847,57,Always Remember Us This Way,Lady GaGa,A Star Is Born Soundtrack,"POP, 국외영화"
201847,62,Strawberries & Cigarettes,Troye Sivan,"Love, Simon OST (영화 ‘러브 사이먼’ 오리지널 사운드트랙)","POP, 국외영화"
201847,63,How Long Will I Love You,Ellie Goulding,어바웃타임 OST,"록/메탈, 국외영화"
201847,73,Keep Yourself Alive?(Live At The Rainbow),Queen,영화 보헤미안 랩소디 OST (Bohemian Rhapsody?OST),"록/메탈, 국외영화"
201847,74,This Is Me,Keala Settle,위대한 쇼맨 (The Greatest Showman) OST,"POP, 국외영화"
201847,77,희재,성시경,국화꽃 향기 OST,"발라드, 국내영화"
201847,78,Doing All Right?(...Revisited),Queen,영화 보헤미안 랩소디 OST (Bohemian Rhapsody?OST),"록/메탈, 국외영화"
201847,79,I Want To Break Free,Queen,영화 보헤미안 랩소디 OST (Bohemian Rhapsody?OST),"록/메탈, 국외영화"
201847,81,Under Pressure?(feat. David Bowie)?(Remastered),Queen,영화 보헤미안 랩소디 OST (Bohemian Rhapsody?OST),"록/메탈, 국외영화"
201847,85,Hammer To Fall?(Live Aid),Queen,영화 보헤미안 랩소디 OST (Bohemian Rhapsody?OST),"록/메탈, 국외영화"
201847,90,Now I`m Here?(Live At The Hammersmith Odeon),Queen,영화 보헤미안 랩소디 OST (Bohemian Rhapsody?OST),"록/메탈, 국외영화"
201847,94,Falling Slowly,Glen Hansard & Marketa Irglova,원스 (Once) OST,국외영화
201847,97,Crazy Little Thing Called Love,Queen,영화 보헤미안 랩소디 OST (Bohemian Rhapsody?OST),"록/메탈, 국외영화"
201847,99,Fat Bottomed Girls?(Live In Paris),Queen,영화 보헤미안 랩소디 OST (Bohemian Rhapsody?OST),"록/메탈, 국외영화"
201848,13,Bohemian Rhapsody,Queen,영화 보헤미안 랩소디 OST (Bohemian Rhapsody?OST),"록/메탈, 국외영화"
201848,19,Lost Stars,Adam Levine,Begin Again - Music From And Inspired By The Original Motion Picture,"POP, 록/메탈, 국외영화"
201848,21,Bohemian Rhapsody?(Live Aid),Queen,영화 보헤미안 랩소디 OST (Bohemian Rhapsody?OST),"록/메탈, 국외영화"
201848,22,See You Again (폴 워커 추모 엔딩곡),Charlie Puth,분노의 질주: 더 세븐 OST,"랩/힙합, 국외영화"
201848,24,Shallow,Lady GaGa,A Star Is Born Soundtrack,"POP, 국외영화"
201848,26,Love Of My Life?(Live At Rock In Rio),Queen,영화 보헤미안 랩소디 OST (Bohemian Rhapsody?OST),"POP, 국외영화"
201848,27,Radio Ga Ga?(Live Aid),Queen,영화 보헤미안 랩소디 OST (Bohemian Rhapsody?OST),"록/메탈, 국외영화"
201848,28,Somebody To Love,Queen,영화 보헤미안 랩소디 OST (Bohemian Rhapsody?OST),"록/메탈, 국외영화"
201848,32,We Will Rock You?(Movie Mix),Queen,영화 보헤미안 랩소디 OST (Bohemian Rhapsody?OST),"록/메탈, 국외영화"
201848,35,We Are The Champions?(Live Aid),Queen,영화 보헤미안 랩소디 OST (Bohemian Rhapsody?OST),"록/메탈, 국외영화"
201848,37,"City Of Stars (From ""La La Land"" Soundtrack)",Ryan Gosling,라라 랜드 OST,"POP, 국외영화"
201848,38,Ay-Oh?(Live Aid),Queen,영화 보헤미안 랩소디 OST (Bohemian Rhapsody?OST),국외영화
201848,40,Killer Queen,Queen,영화 보헤미안 랩소디 OST (Bohemian Rhapsody?OST),"록/메탈, 국외영화"
201848,42,19금Don`t Stop Me Now?(...Revisited),Queen,영화 보헤미안 랩소디 OST (Bohemian Rhapsody?OST),"록/메탈, 국외영화"
201848,43,Another One Bites The Dust,Queen,영화 보헤미안 랩소디 OST (Bohemian Rhapsody?OST),"록/메탈, 국외영화"
201848,45,I`ll Never Love Again (Film Version),Lady GaGa,A Star Is Born Soundtrack,"POP, 국외영화"
201848,58,Always Remember Us This Way,Lady GaGa,A Star Is Born Soundtrack,"POP, 국외영화"
201848,62,Hammer To Fall?(Live Aid),Queen,영화 보헤미안 랩소디 OST (Bohemian Rhapsody?OST),"록/메탈, 국외영화"
201848,63,I Want To Break Free,Queen,영화 보헤미안 랩소디 OST (Bohemian Rhapsody?OST),"록/메탈, 국외영화"
201848,64,Keep Yourself Alive?(Live At The Rainbow),Queen,영화 보헤미안 랩소디 OST (Bohemian Rhapsody?OST),"록/메탈, 국외영화"
201848,65,How Long Will I Love You,Ellie Goulding,어바웃타임 OST,"록/메탈, 국외영화"
201848,68,Doing All Right?(...Revisited),Queen,영화 보헤미안 랩소디 OST (Bohemian Rhapsody?OST),"록/메탈, 국외영화"
201848,70,Under Pressure?(feat. David Bowie)?(Remastered),Queen,영화 보헤미안 랩소디 OST (Bohemian Rhapsody?OST),"록/메탈, 국외영화"
201848,74,Strawberries & Cigarettes,Troye Sivan,"Love, Simon OST (영화 ‘러브 사이먼’ 오리지널 사운드트랙)","POP, 국외영화"
201848,75,This Is Me,Keala Settle,위대한 쇼맨 (The Greatest Showman) OST,"POP, 국외영화"
201848,80,Now I`m Here?(Live At The Hammersmith Odeon),Queen,영화 보헤미안 랩소디 OST (Bohemian Rhapsody?OST),"록/메탈, 국외영화"
201848,84,Crazy Little Thing Called Love,Queen,영화 보헤미안 랩소디 OST (Bohemian Rhapsody?OST),"록/메탈, 국외영화"
201848,88,Fat Bottomed Girls?(Live In Paris),Queen,영화 보헤미안 랩소디 OST (Bohemian Rhapsody?OST),"록/메탈, 국외영화"
201848,89,희재,성시경,국화꽃 향기 OST,"발라드, 국내영화"
201848,91,The Show Must Go On,Queen,영화 보헤미안 랩소디 OST (Bohemian Rhapsody?OST),"록/메탈, 국외영화"
201848,97,Who Wants To Live Forever,Queen,영화 보헤미안 랩소디 OST (Bohemian Rhapsody?OST),"록/메탈, 국외영화"
201849,9,Bohemian Rhapsody,Queen,영화 보헤미안 랩소디 OST (Bohemian Rhapsody?OST),"록/메탈, 국외영화"
201849,18,Bohemian Rhapsody?(Live Aid),Queen,영화 보헤미안 랩소디 OST (Bohemian Rhapsody?OST),"록/메탈, 국외영화"
201849,21,Lost Stars,Adam Levine,Begin Again - Music From And Inspired By The Original Motion Picture,"POP, 록/메탈, 국외영화"
201849,22,Radio Ga Ga?(Live Aid),Queen,영화 보헤미안 랩소디 OST (Bohemian Rhapsody?OST),"록/메탈, 국외영화"
201849,24,See You Again (폴 워커 추모 엔딩곡),Charlie Puth,분노의 질주: 더 세븐 OST,"랩/힙합, 국외영화"
201849,27,Shallow,Lady GaGa,A Star Is Born Soundtrack,"POP, 국외영화"
201849,28,Love Of My Life?(Live At Rock In Rio),Queen,영화 보헤미안 랩소디 OST (Bohemian Rhapsody?OST),"POP, 국외영화"
201849,31,Ay-Oh?(Live Aid),Queen,영화 보헤미안 랩소디 OST (Bohemian Rhapsody?OST),국외영화
201849,32,We Are The Champions?(Live Aid),Queen,영화 보헤미안 랩소디 OST (Bohemian Rhapsody?OST),"록/메탈, 국외영화"
201849,36,Somebody To Love,Queen,영화 보헤미안 랩소디 OST (Bohemian Rhapsody?OST),"록/메탈, 국외영화"
201849,38,We Will Rock You?(Movie Mix),Queen,영화 보헤미안 랩소디 OST (Bohemian Rhapsody?OST),"록/메탈, 국외영화"
201849,41,"City Of Stars (From ""La La Land"" Soundtrack)",Ryan Gosling,라라 랜드 OST,"POP, 국외영화"
201849,42,Killer Queen,Queen,영화 보헤미안 랩소디 OST (Bohemian Rhapsody?OST),"록/메탈, 국외영화"
201849,45,19금Don`t Stop Me Now?(...Revisited),Queen,영화 보헤미안 랩소디 OST (Bohemian Rhapsody?OST),"록/메탈, 국외영화"
201849,46,Another One Bites The Dust,Queen,영화 보헤미안 랩소디 OST (Bohemian Rhapsody?OST),"록/메탈, 국외영화"
201849,47,Hammer To Fall?(Live Aid),Queen,영화 보헤미안 랩소디 OST (Bohemian Rhapsody?OST),"록/메탈, 국외영화"
201849,53,I`ll Never Love Again (Film Version),Lady GaGa,A Star Is Born Soundtrack,"POP, 국외영화"
201849,59,Always Remember Us This Way,Lady GaGa,A Star Is Born Soundtrack,"POP, 국외영화"
201849,64,Strawberries & Cigarettes,Troye Sivan,"Love, Simon OST (영화 ‘러브 사이먼’ 오리지널 사운드트랙)","POP, 국외영화"
201849,67,I Want To Break Free,Queen,영화 보헤미안 랩소디 OST (Bohemian Rhapsody?OST),"록/메탈, 국외영화"
201849,68,Keep Yourself Alive?(Live At The Rainbow),Queen,영화 보헤미안 랩소디 OST (Bohemian Rhapsody?OST),"록/메탈, 국외영화"
201849,69,Under Pressure?(feat. David Bowie)?(Remastered),Queen,영화 보헤미안 랩소디 OST (Bohemian Rhapsody?OST),"록/메탈, 국외영화"
201849,70,How Long Will I Love You,Ellie Goulding,어바웃타임 OST,"록/메탈, 국외영화"
201849,71,This Is Me,Keala Settle,위대한 쇼맨 (The Greatest Showman) OST,"POP, 국외영화"
201849,73,Doing All Right?(...Revisited),Queen,영화 보헤미안 랩소디 OST (Bohemian Rhapsody?OST),"록/메탈, 국외영화"
201849,86,Crazy Little Thing Called Love,Queen,영화 보헤미안 랩소디 OST (Bohemian Rhapsody?OST),"록/메탈, 국외영화"
201849,87,Now I`m Here?(Live At The Hammersmith Odeon),Queen,영화 보헤미안 랩소디 OST (Bohemian Rhapsody?OST),"록/메탈, 국외영화"
201849,90,Fat Bottomed Girls?(Live In Paris),Queen,영화 보헤미안 랩소디 OST (Bohemian Rhapsody?OST),"록/메탈, 국외영화"
201849,93,희재,성시경,국화꽃 향기 OST,"발라드, 국내영화"
201849,96,The Show Must Go On,Queen,영화 보헤미안 랩소디 OST (Bohemian Rhapsody?OST),"록/메탈, 국외영화"
201850,10,Bohemian Rhapsody,Queen,영화 보헤미안 랩소디 OST (Bohemian Rhapsody?OST),"록/메탈, 국외영화"
201850,22,Bohemian Rhapsody?(Live Aid),Queen,영화 보헤미안 랩소디 OST (Bohemian Rhapsody?OST),"록/메탈, 국외영화"
201850,24,Lost Stars,Adam Levine,Begin Again - Music From And Inspired By The Original Motion Picture,"POP, 록/메탈, 국외영화"
201850,26,See You Again (폴 워커 추모 엔딩곡),Charlie Puth,분노의 질주: 더 세븐 OST,"랩/힙합, 국외영화"
201850,29,Radio Ga Ga?(Live Aid),Queen,영화 보헤미안 랩소디 OST (Bohemian Rhapsody?OST),"록/메탈, 국외영화"
201850,32,Shallow,Lady GaGa,A Star Is Born Soundtrack,"POP, 국외영화"
201850,35,Love Of My Life?(Live At Rock In Rio),Queen,영화 보헤미안 랩소디 OST (Bohemian Rhapsody?OST),"POP, 국외영화"
201850,40,Somebody To Love,Queen,영화 보헤미안 랩소디 OST (Bohemian Rhapsody?OST),"록/메탈, 국외영화"
201850,41,Ay-Oh?(Live Aid),Queen,영화 보헤미안 랩소디 OST (Bohemian Rhapsody?OST),국외영화
201850,42,We Are The Champions?(Live Aid),Queen,영화 보헤미안 랩소디 OST (Bohemian Rhapsody?OST),"록/메탈, 국외영화"
201850,44,"City Of Stars (From ""La La Land"" Soundtrack)",Ryan Gosling,라라 랜드 OST,"POP, 국외영화"
201850,45,We Will Rock You?(Movie Mix),Queen,영화 보헤미안 랩소디 OST (Bohemian Rhapsody?OST),"록/메탈, 국외영화"
201850,48,Killer Queen,Queen,영화 보헤미안 랩소디 OST (Bohemian Rhapsody?OST),"록/메탈, 국외영화"
201850,52,Another One Bites The Dust,Queen,영화 보헤미안 랩소디 OST (Bohemian Rhapsody?OST),"록/메탈, 국외영화"
201850,55,I`ll Never Love Again (Film Version),Lady GaGa,A Star Is Born Soundtrack,"POP, 국외영화"
201850,57,19금Don`t Stop Me Now?(...Revisited),Queen,영화 보헤미안 랩소디 OST (Bohemian Rhapsody?OST),"록/메탈, 국외영화"
201850,63,Hammer To Fall?(Live Aid),Queen,영화 보헤미안 랩소디 OST (Bohemian Rhapsody?OST),"록/메탈, 국외영화"
201850,69,Always Remember Us This Way,Lady GaGa,A Star Is Born Soundtrack,"POP, 국외영화"
201850,72,Strawberries & Cigarettes,Troye Sivan,"Love, Simon OST (영화 ‘러브 사이먼’ 오리지널 사운드트랙)","POP, 국외영화"
201850,74,I Want To Break Free,Queen,영화 보헤미안 랩소디 OST (Bohemian Rhapsody?OST),"록/메탈, 국외영화"
201850,80,How Long Will I Love You,Ellie Goulding,어바웃타임 OST,"록/메탈, 국외영화"
201850,82,This Is Me,Keala Settle,위대한 쇼맨 (The Greatest Showman) OST,"POP, 국외영화"
201850,83,Keep Yourself Alive?(Live At The Rainbow),Queen,영화 보헤미안 랩소디 OST (Bohemian Rhapsody?OST),"록/메탈, 국외영화"
201850,85,Under Pressure?(feat. David Bowie)?(Remastered),Queen,영화 보헤미안 랩소디 OST (Bohemian Rhapsody?OST),"록/메탈, 국외영화"
201850,87,Doing All Right?(...Revisited),Queen,영화 보헤미안 랩소디 OST (Bohemian Rhapsody?OST),"록/메탈, 국외영화"
201850,88,Let It Go,Idina Menzel,겨울왕국 OST,"POP, 애니메이션/웹툰, 키즈, 만화"
201850,95,Crazy Little Thing Called Love,Queen,영화 보헤미안 랩소디 OST (Bohemian Rhapsody?OST),"록/메탈, 국외영화"
201850,96,희재,성시경,국화꽃 향기 OST,"발라드, 국내영화"
201850,98,Now I`m Here?(Live At The Hammersmith Odeon),Queen,영화 보헤미안 랩소디 OST (Bohemian Rhapsody?OST),"록/메탈, 국외영화"
201851,10,Bohemian Rhapsody,Queen,영화 보헤미안 랩소디 OST (Bohemian Rhapsody?OST),"록/메탈, 국외영화"
201851,18,Lost Stars,Adam Levine,Begin Again - Music From And Inspired By The Original Motion Picture,"POP, 록/메탈, 국외영화"
201851,21,See You Again (폴 워커 추모 엔딩곡),Charlie Puth,분노의 질주: 더 세븐 OST,"랩/힙합, 국외영화"
201851,30,Bohemian Rhapsody?(Live Aid),Queen,영화 보헤미안 랩소디 OST (Bohemian Rhapsody?OST),"록/메탈, 국외영화"
201851,34,Radio Ga Ga?(Live Aid),Queen,영화 보헤미안 랩소디 OST (Bohemian Rhapsody?OST),"록/메탈, 국외영화"
201851,36,Shallow,Lady GaGa,A Star Is Born Soundtrack,"POP, 국외영화"
201851,40,Love Of My Life?(Live At Rock In Rio),Queen,영화 보헤미안 랩소디 OST (Bohemian Rhapsody?OST),"POP, 국외영화"
201851,46,"City Of Stars (From ""La La Land"" Soundtrack)",Ryan Gosling,라라 랜드 OST,"POP, 국외영화"
201851,47,Somebody To Love,Queen,영화 보헤미안 랩소디 OST (Bohemian Rhapsody?OST),"록/메탈, 국외영화"
201851,50,Ay-Oh?(Live Aid),Queen,영화 보헤미안 랩소디 OST (Bohemian Rhapsody?OST),국외영화
201851,52,We Are The Champions?(Live Aid),Queen,영화 보헤미안 랩소디 OST (Bohemian Rhapsody?OST),"록/메탈, 국외영화"
201851,54,We Will Rock You?(Movie Mix),Queen,영화 보헤미안 랩소디 OST (Bohemian Rhapsody?OST),"록/메탈, 국외영화"
201851,56,All I Want For Christmas Is You,Olivia Olson,러브 액츄얼리 OST,"POP, 국외영화"
201851,57,Killer Queen,Queen,영화 보헤미안 랩소디 OST (Bohemian Rhapsody?OST),"록/메탈, 국외영화"
201851,64,Another One Bites The Dust,Queen,영화 보헤미안 랩소디 OST (Bohemian Rhapsody?OST),"록/메탈, 국외영화"
201851,66,I`ll Never Love Again (Film Version),Lady GaGa,A Star Is Born Soundtrack,"POP, 국외영화"
201851,72,19금Don`t Stop Me Now?(...Revisited),Queen,영화 보헤미안 랩소디 OST (Bohemian Rhapsody?OST),"록/메탈, 국외영화"
201851,76,Always Remember Us This Way,Lady GaGa,A Star Is Born Soundtrack,"POP, 국외영화"
201851,77,Strawberries & Cigarettes,Troye Sivan,"Love, Simon OST (영화 ‘러브 사이먼’ 오리지널 사운드트랙)","POP, 국외영화"
201851,79,Hammer To Fall?(Live Aid),Queen,영화 보헤미안 랩소디 OST (Bohemian Rhapsody?OST),"록/메탈, 국외영화"
201851,80,This Is Me,Keala Settle,위대한 쇼맨 (The Greatest Showman) OST,"POP, 국외영화"
201851,81,Jingle Bell Rock,Bobby Helms,나홀로 집에 2 - 뉴욕을 헤메다 OST,국외영화
201851,86,Let It Go,Idina Menzel,겨울왕국 OST,"POP, 애니메이션/웹툰, 키즈, 만화"
201851,90,How Long Will I Love You,Ellie Goulding,어바웃타임 OST,"록/메탈, 국외영화"
201851,92,I Want To Break Free,Queen,영화 보헤미안 랩소디 OST (Bohemian Rhapsody?OST),"록/메탈, 국외영화"
201851,98,All You Need Is Love,Lynden David Hall,러브 액츄얼리 OST,"POP, 국외영화"
201852,11,Bohemian Rhapsody,Queen,영화 보헤미안 랩소디 OST (Bohemian Rhapsody?OST),"록/메탈, 국외영화"
201852,18,Lost Stars,Adam Levine,Begin Again - Music From And Inspired By The Original Motion Picture,"POP, 록/메탈, 국외영화"
201852,20,See You Again (폴 워커 추모 엔딩곡),Charlie Puth,분노의 질주: 더 세븐 OST,"랩/힙합, 국외영화"
201852,29,Bohemian Rhapsody?(Live Aid),Queen,영화 보헤미안 랩소디 OST (Bohemian Rhapsody?OST),"록/메탈, 국외영화"
201852,30,Radio Ga Ga?(Live Aid),Queen,영화 보헤미안 랩소디 OST (Bohemian Rhapsody?OST),"록/메탈, 국외영화"
201852,33,Shallow,Lady GaGa,A Star Is Born Soundtrack,"POP, 국외영화"
201852,42,"City Of Stars (From ""La La Land"" Soundtrack)",Ryan Gosling,라라 랜드 OST,"POP, 국외영화"
201852,43,Love Of My Life?(Live At Rock In Rio),Queen,영화 보헤미안 랩소디 OST (Bohemian Rhapsody?OST),"POP, 국외영화"
201852,46,All I Want For Christmas Is You,Olivia Olson,러브 액츄얼리 OST,"POP, 국외영화"
201852,49,Ay-Oh?(Live Aid),Queen,영화 보헤미안 랩소디 OST (Bohemian Rhapsody?OST),국외영화
201852,50,Somebody To Love,Queen,영화 보헤미안 랩소디 OST (Bohemian Rhapsody?OST),"록/메탈, 국외영화"
201852,55,We Are The Champions?(Live Aid),Queen,영화 보헤미안 랩소디 OST (Bohemian Rhapsody?OST),"록/메탈, 국외영화"
201852,56,We Will Rock You?(Movie Mix),Queen,영화 보헤미안 랩소디 OST (Bohemian Rhapsody?OST),"록/메탈, 국외영화"
201852,62,Sunflower (Spider-Man: Into the Spider-Verse),Post Malone,Spider-Man: Into the Spider-Verse (Soundtrack From & Inspired by the Motion Picture),"랩/힙합, 국외영화"
201852,66,Killer Queen,Queen,영화 보헤미안 랩소디 OST (Bohemian Rhapsody?OST),"록/메탈, 국외영화"
201852,69,Jingle Bell Rock,Bobby Helms,나홀로 집에 2 - 뉴욕을 헤메다 OST,국외영화
201852,71,I`ll Never Love Again (Film Version),Lady GaGa,A Star Is Born Soundtrack,"POP, 국외영화"
201852,73,Let It Go,Idina Menzel,겨울왕국 OST,"POP, 애니메이션/웹툰, 키즈, 만화"
201852,77,Another One Bites The Dust,Queen,영화 보헤미안 랩소디 OST (Bohemian Rhapsody?OST),"록/메탈, 국외영화"
201852,80,This Is Me,Keala Settle,위대한 쇼맨 (The Greatest Showman) OST,"POP, 국외영화"
201852,81,19금Don`t Stop Me Now?(...Revisited),Queen,영화 보헤미안 랩소디 OST (Bohemian Rhapsody?OST),"록/메탈, 국외영화"
201852,83,Always Remember Us This Way,Lady GaGa,A Star Is Born Soundtrack,"POP, 국외영화"
201852,85,Strawberries & Cigarettes,Troye Sivan,"Love, Simon OST (영화 ‘러브 사이먼’ 오리지널 사운드트랙)","POP, 국외영화"
201852,88,How Long Will I Love You,Ellie Goulding,어바웃타임 OST,"록/메탈, 국외영화"
201852,94,Hammer To Fall?(Live Aid),Queen,영화 보헤미안 랩소디 OST (Bohemian Rhapsody?OST),"록/메탈, 국외영화"
201852,100,All You Need Is Love,Lynden David Hall,러브 액츄얼리 OST,"POP, 국외영화"
